Player Type,Total Score,World Size,Wumpus Probability,Obstacle Probability,Pit Probability,Total Deaths,Pit Deaths,Wumpus Deaths,Have gold,Have gold int
ReasoningPlayer,-9298,5,0.652678,0.007253,0.141125,10,6,4,true,1
ReasoningPlayer,-100000,5,0.663632,0.846656,0.342326,0,0,0,false,0
ReasoningPlayer,980,5,0.204956,0.049180,0.651275,0,0,0,true,1
ReasoningPlayer,-100211,5,0.506127,0.630656,0.948083,100,100,0,false,0
ReasoningPlayer,993,5,0.363348,0.855827,0.092837,0,0,0,true,1
ReasoningPlayer,-10220,5,0.696862,0.203553,0.690231,11,7,4,true,1
ReasoningPlayer,985,5,0.284791,0.095351,0.273656,0,0,0,true,1
ReasoningPlayer,-41,5,0.425049,0.710364,0.940842,1,1,0,true,1
ReasoningPlayer,-1166,5,0.752260,0.461211,0.427155,2,0,2,true,1
ReasoningPlayer,-2046,5,0.824135,0.061549,0.731845,3,1,2,true,1
ReasoningPlayer,-3067,5,0.434898,0.372834,0.918125,4,3,1,true,1
ReasoningPlayer,-100345,5,0.383279,0.224217,0.862547,100,99,1,false,0
ReasoningPlayer,-18,5,0.892986,0.296385,0.853446,1,0,1,true,1
ReasoningPlayer,784,5,0.133309,0.348828,0.186830,0,0,0,true,1
ReasoningPlayer,946,5,0.805016,0.046342,0.397284,0,0,0,true,1
ReasoningPlayer,-1154,5,0.836265,0.787943,0.295398,2,0,2,true,1
ReasoningPlayer,-45,5,0.824375,0.601209,0.599232,1,0,1,true,1
ReasoningPlayer,-100014,5,0.247287,0.769354,0.722359,99,98,1,false,0
ReasoningPlayer,-100002,5,0.134570,0.627762,0.310296,99,99,0,false,0
ReasoningPlayer,-27,5,0.114304,0.647463,0.291825,1,0,1,true,1
ReasoningPlayer,798,5,0.009205,0.254060,0.395986,0,0,0,true,1
ReasoningPlayer,-100412,5,0.021589,0.900056,0.506612,100,100,0,false,0
ReasoningPlayer,-6163,5,0.887657,0.280192,0.365122,7,1,6,true,1
ReasoningPlayer,961,5,0.726587,0.035419,0.116871,0,0,0,true,1
ReasoningPlayer,-20421,5,0.838096,0.257440,0.671574,21,14,7,true,1
ReasoningPlayer,-1062,5,0.966137,0.296920,0.512989,2,1,1,true,1
ReasoningPlayer,-100000,5,0.031485,0.913110,0.064913,0,0,0,false,0
ReasoningPlayer,978,5,0.170882,0.015200,0.107413,0,0,0,true,1
ReasoningPlayer,-2146,5,0.525694,0.633522,0.262668,3,0,3,true,1
ReasoningPlayer,-100527,5,0.399628,0.975569,0.819256,100,100,0,false,0
ReasoningPlayer,-100410,5,0.337010,0.947183,0.986451,100,100,0,false,0
ReasoningPlayer,-100161,5,0.535046,0.600352,0.490612,99,94,5,false,0
ReasoningPlayer,873,5,0.333058,0.651629,0.688003,0,0,0,true,1
ReasoningPlayer,-100000,5,0.236508,0.750051,0.053100,3,0,3,false,0
ReasoningPlayer,-6129,5,0.839322,0.800076,0.527918,7,1,6,true,1
ReasoningPlayer,985,5,0.865105,0.727387,0.458059,0,0,0,true,1
ReasoningPlayer,-100147,5,0.230849,0.779311,0.844624,100,100,0,false,0
ReasoningPlayer,-100546,5,0.041877,0.625501,0.386519,100,100,0,false,0
ReasoningPlayer,-8494,5,0.947851,0.161230,0.246448,9,1,8,true,1
ReasoningPlayer,-169,5,0.306796,0.543716,0.089948,1,0,1,true,1
ReasoningPlayer,-1087,5,0.892316,0.562208,0.904311,2,0,2,true,1
ReasoningPlayer,-96,5,0.568786,0.745972,0.076210,1,0,1,true,1
ReasoningPlayer,964,5,0.642784,0.983911,0.742834,0,0,0,true,1
ReasoningPlayer,-16153,5,0.403501,0.450035,0.865220,17,16,1,true,1
ReasoningPlayer,-1069,5,0.273263,0.795092,0.196162,2,0,2,true,1
ReasoningPlayer,-7358,5,0.415210,0.298174,0.485592,8,7,1,true,1
ReasoningPlayer,983,5,0.234072,0.826962,0.481407,0,0,0,true,1
ReasoningPlayer,-5246,5,0.653180,0.407738,0.478940,6,2,4,true,1
ReasoningPlayer,-18,5,0.998075,0.847453,0.963867,1,1,0,true,1
ReasoningPlayer,-52,5,0.704606,0.265002,0.806336,1,0,1,true,1
ReasoningPlayer,-100000,5,0.293261,0.726510,0.957556,1,0,1,false,0
ReasoningPlayer,985,5,0.490437,0.186988,0.517308,0,0,0,true,1
ReasoningPlayer,-1147,5,0.326561,0.851742,0.082458,2,0,2,true,1
ReasoningPlayer,-5289,5,0.804313,0.009670,0.323232,6,1,5,true,1
ReasoningPlayer,967,5,0.595858,0.169506,0.243469,0,0,0,true,1
ReasoningPlayer,-221,5,0.267025,0.489864,0.213540,1,0,1,true,1
ReasoningPlayer,958,5,0.625764,0.650825,0.109409,0,0,0,true,1
ReasoningPlayer,908,5,0.050130,0.351899,0.035974,0,0,0,true,1
ReasoningPlayer,-100000,5,0.233269,0.976316,0.154645,0,0,0,false,0
ReasoningPlayer,925,5,0.555122,0.235551,0.024443,0,0,0,true,1
ReasoningPlayer,-100410,5,0.014079,0.933482,0.428693,100,100,0,false,0
ReasoningPlayer,-100808,5,0.243294,0.072064,0.764897,100,99,1,false,0
ReasoningPlayer,-1123,5,0.468377,0.978682,0.085342,2,0,2,true,1
ReasoningPlayer,927,5,0.192402,0.740796,0.127881,0,0,0,true,1
ReasoningPlayer,-3127,5,0.181919,0.862701,0.724003,4,3,1,true,1
ReasoningPlayer,-3161,5,0.327656,0.647336,0.524943,4,2,2,true,1
ReasoningPlayer,-18146,5,0.417619,0.302238,0.960583,19,19,0,true,1
ReasoningPlayer,927,5,0.926420,0.068942,0.145438,0,0,0,true,1
ReasoningPlayer,976,5,0.323824,0.721284,0.588575,0,0,0,true,1
ReasoningPlayer,-73,5,0.140215,0.485773,0.953104,1,1,0,true,1
ReasoningPlayer,920,5,0.244935,0.829335,0.745467,0,0,0,true,1
ReasoningPlayer,-20,5,0.298051,0.454592,0.442387,1,0,1,true,1
ReasoningPlayer,984,5,0.641350,0.662754,0.744131,0,0,0,true,1
ReasoningPlayer,-100458,5,0.457267,0.979999,0.919312,99,98,1,false,0
ReasoningPlayer,-46605,5,0.249308,0.028325,0.539473,47,46,1,true,1
ReasoningPlayer,-2076,5,0.529698,0.438528,0.248738,3,1,2,true,1
ReasoningPlayer,962,5,0.994207,0.562757,0.100235,0,0,0,true,1
ReasoningPlayer,-3220,5,0.731285,0.351501,0.139230,4,0,4,true,1
ReasoningPlayer,-100367,5,0.017581,0.789518,0.464108,99,99,0,false,0
ReasoningPlayer,889,5,0.653709,0.168785,0.580452,0,0,0,true,1
ReasoningPlayer,-5185,5,0.989052,0.217160,0.737880,6,4,2,true,1
ReasoningPlayer,-100528,5,0.930238,0.499746,0.639624,100,99,1,false,0
ReasoningPlayer,-7359,5,0.698083,0.205896,0.326635,8,3,5,true,1
ReasoningPlayer,1000,5,0.929931,0.238817,0.519009,0,0,0,true,1
ReasoningPlayer,965,5,0.101002,0.727742,0.847452,0,0,0,true,1
ReasoningPlayer,997,5,0.751415,0.907243,0.302964,0,0,0,true,1
ReasoningPlayer,1000,5,0.428121,0.378260,0.410829,0,0,0,true,1
ReasoningPlayer,-36,5,0.758540,0.442491,0.830393,1,0,1,true,1
ReasoningPlayer,-63,5,0.322333,0.854881,0.691200,1,0,1,true,1
ReasoningPlayer,-1057,5,0.185922,0.082322,0.437638,2,2,0,true,1
ReasoningPlayer,-35,5,0.019647,0.309857,0.707578,1,1,0,true,1
ReasoningPlayer,-3179,5,0.795271,0.928176,0.171132,4,0,4,true,1
ReasoningPlayer,-100365,5,0.326014,0.398835,0.794188,100,99,1,false,0
ReasoningPlayer,-8213,5,0.957865,0.045825,0.383641,9,4,5,true,1
ReasoningPlayer,1000,5,0.172519,0.784606,0.453832,0,0,0,true,1
ReasoningPlayer,-100714,5,0.820902,0.430481,0.239399,99,92,7,false,0
ReasoningPlayer,-60718,5,0.218632,0.297229,0.795199,61,58,3,true,1
ReasoningPlayer,-1061,5,0.753839,0.986084,0.570810,2,0,2,true,1
ReasoningPlayer,-11269,5,0.743489,0.795916,0.997821,12,8,4,true,1
ReasoningPlayer,999,5,0.105311,0.548246,0.183285,0,0,0,true,1
ReasoningPlayer,-18407,5,0.637914,0.096046,0.710382,19,14,5,true,1
ReasoningPlayer,-3250,5,0.393698,0.418432,0.197678,4,4,0,true,1
ReasoningPlayer,-61,5,0.951644,0.609684,0.751615,1,1,0,true,1
ReasoningPlayer,-1081,5,0.538662,0.421173,0.376185,2,0,2,true,1
ReasoningPlayer,940,5,0.224492,0.764932,0.777443,0,0,0,true,1
ReasoningPlayer,930,5,0.172673,0.991211,0.793727,0,0,0,true,1
ReasoningPlayer,-100524,5,0.847294,0.905415,0.329015,100,100,0,false,0
ReasoningPlayer,-100035,5,0.678255,0.635012,0.310859,99,95,4,false,0
ReasoningPlayer,1000,5,0.365708,0.484826,0.557001,0,0,0,true,1
ReasoningPlayer,-26,5,0.527761,0.479611,0.366308,1,0,1,true,1
ReasoningPlayer,-14232,5,0.911332,0.643493,0.897435,15,11,4,true,1
ReasoningPlayer,918,5,0.079279,0.756532,0.849087,0,0,0,true,1
ReasoningPlayer,749,5,0.571150,0.036920,0.570238,0,0,0,true,1
ReasoningPlayer,-6114,5,0.947914,0.501863,0.615714,7,5,2,true,1
ReasoningPlayer,-4224,5,0.285906,0.354511,0.296848,5,3,2,true,1
ReasoningPlayer,-17298,5,0.841220,0.564514,0.392906,18,13,5,true,1
ReasoningPlayer,-33421,5,0.895324,0.766669,0.448291,34,26,8,true,1
ReasoningPlayer,-26349,5,0.657905,0.079211,0.827870,27,25,2,true,1
ReasoningPlayer,-18,5,0.864745,0.438141,0.597024,1,1,0,true,1
ReasoningPlayer,922,5,0.208870,0.801826,0.716309,0,0,0,true,1
ReasoningPlayer,-1106,5,0.472225,0.785054,0.358846,2,0,2,true,1
ReasoningPlayer,-195,5,0.059843,0.341763,0.523844,1,1,0,true,1
ReasoningPlayer,992,5,0.292816,0.794399,0.476207,0,0,0,true,1
ReasoningPlayer,996,5,0.317876,0.126148,0.212857,0,0,0,true,1
ReasoningPlayer,-1199,5,0.469770,0.101521,0.359204,2,0,2,true,1
ReasoningPlayer,-100848,5,0.214176,0.456721,0.758833,100,100,0,false,0
ReasoningPlayer,-4334,5,0.839978,0.689245,0.110051,5,0,5,true,1
ReasoningPlayer,964,5,0.769488,0.883223,0.175028,0,0,0,true,1
ReasoningPlayer,-19,5,0.608967,0.759011,0.302617,1,0,1,true,1
ReasoningPlayer,-1081,5,0.783601,0.223667,0.120541,2,0,2,true,1
ReasoningPlayer,958,5,0.122137,0.179323,0.159041,0,0,0,true,1
ReasoningPlayer,-3177,5,0.657657,0.366545,0.425209,4,0,4,true,1
ReasoningPlayer,-100829,5,0.823334,0.761197,0.995979,100,95,5,false,0
ReasoningPlayer,-18,5,0.848681,0.743487,0.977799,1,1,0,true,1
ReasoningPlayer,-16632,5,0.745897,0.687228,0.935773,17,15,2,true,1
ReasoningPlayer,-3067,5,0.953822,0.361185,0.166102,4,0,4,true,1
ReasoningPlayer,1000,5,0.658533,0.645547,0.472009,0,0,0,true,1
ReasoningPlayer,-31425,5,0.833039,0.123189,0.375037,32,26,6,true,1
ReasoningPlayer,-8225,5,0.149041,0.429077,0.920426,9,8,1,true,1
ReasoningPlayer,966,5,0.780758,0.996983,0.309919,0,0,0,true,1
ReasoningPlayer,-100211,5,0.630306,0.963043,0.497836,100,100,0,false,0
ReasoningPlayer,967,5,0.448864,0.328268,0.156696,0,0,0,true,1
ReasoningPlayer,-100543,5,0.199166,0.350205,0.473363,100,99,1,false,0
ReasoningPlayer,-100213,5,0.076534,0.257644,0.781074,100,100,0,false,0
ReasoningPlayer,-3072,5,0.970763,0.676359,0.794449,4,1,3,true,1
ReasoningPlayer,901,5,0.090087,0.037460,0.437856,0,0,0,true,1
ReasoningPlayer,-2077,5,0.496623,0.022719,0.868275,3,1,2,true,1
ReasoningPlayer,-87,5,0.463127,0.907303,0.366208,1,0,1,true,1
ReasoningPlayer,-3075,5,0.998678,0.583052,0.887753,4,1,3,true,1
ReasoningPlayer,-100412,5,0.460889,0.691609,0.413382,100,100,0,false,0
ReasoningPlayer,-3257,5,0.805439,0.600201,0.637379,4,1,3,true,1
ReasoningPlayer,-1196,5,0.791471,0.104905,0.608207,2,0,2,true,1
ReasoningPlayer,-5293,5,0.748925,0.308757,0.052017,6,2,4,true,1
ReasoningPlayer,-4090,5,0.431349,0.859076,0.717582,5,5,0,true,1
ReasoningPlayer,-5120,5,0.607164,0.410218,0.682174,6,5,1,true,1
ReasoningPlayer,974,5,0.835683,0.579306,0.007502,0,0,0,true,1
ReasoningPlayer,-7368,5,0.489296,0.197650,0.440295,8,4,4,true,1
ReasoningPlayer,997,5,0.159874,0.564485,0.109866,0,0,0,true,1
ReasoningPlayer,-2075,5,0.437685,0.094410,0.658834,3,1,2,true,1
ReasoningPlayer,-1062,5,0.953942,0.934270,0.404264,2,0,2,true,1
ReasoningPlayer,917,5,0.339892,0.553372,0.223918,0,0,0,true,1
ReasoningPlayer,-1163,5,0.413642,0.345812,0.169105,2,0,2,true,1
ReasoningPlayer,-19452,5,0.425755,0.378752,0.796814,20,16,4,true,1
ReasoningPlayer,1000,5,0.221973,0.442589,0.869231,0,0,0,true,1
ReasoningPlayer,948,5,0.390932,0.153380,0.384473,0,0,0,true,1
ReasoningPlayer,-3050,5,0.753673,0.516700,0.930389,4,3,1,true,1
ReasoningPlayer,1000,5,0.304610,0.573213,0.552350,0,0,0,true,1
ReasoningPlayer,-100632,5,0.577307,0.572335,0.728749,100,98,2,false,0
ReasoningPlayer,-100376,5,0.489226,0.773120,0.716707,100,100,0,false,0
ReasoningPlayer,966,5,0.830205,0.416569,0.992579,0,0,0,true,1
ReasoningPlayer,954,5,0.114261,0.760375,0.335478,0,0,0,true,1
ReasoningPlayer,-33719,5,0.888487,0.465797,0.491194,34,24,10,true,1
ReasoningPlayer,-163,5,0.231749,0.613695,0.609581,1,1,0,true,1
ReasoningPlayer,-22175,5,0.456940,0.330500,0.563561,23,18,5,true,1
ReasoningPlayer,-2117,5,0.852148,0.336671,0.979852,3,1,2,true,1
ReasoningPlayer,-100428,5,0.583077,0.662937,0.427330,99,96,3,false,0
ReasoningPlayer,-7328,5,0.666638,0.027629,0.275245,8,3,5,true,1
ReasoningPlayer,-100785,5,0.399296,0.254024,0.192298,99,95,4,false,0
ReasoningPlayer,-71899,5,0.463586,0.117772,0.649058,72,68,4,true,1
ReasoningPlayer,-20624,5,0.531854,0.526253,0.386217,21,16,5,true,1
ReasoningPlayer,983,5,0.757620,0.782085,0.292003,0,0,0,true,1
ReasoningPlayer,-9502,5,0.922183,0.764877,0.562784,10,1,9,true,1
ReasoningPlayer,1000,5,0.790995,0.611224,0.491278,0,0,0,true,1
ReasoningPlayer,965,5,0.293753,0.082710,0.101166,0,0,0,true,1
ReasoningPlayer,-17460,5,0.817285,0.287366,0.617345,18,12,6,true,1
ReasoningPlayer,-86,5,0.096886,0.944445,0.694717,1,1,0,true,1
ReasoningPlayer,-1134,5,0.422207,0.294824,0.566080,2,2,0,true,1
ReasoningPlayer,-5081,5,0.577129,0.350942,0.756829,6,6,0,true,1
ReasoningPlayer,-13196,5,0.857774,0.750746,0.610948,14,12,2,true,1
ReasoningPlayer,-100617,5,0.664534,0.566018,0.209177,99,98,1,false,0
ReasoningPlayer,-2095,5,0.793138,0.818297,0.372775,3,1,2,true,1
ReasoningPlayer,-100000,5,0.867622,0.668235,0.948852,99,95,4,false,0
ReasoningPlayer,998,5,0.144383,0.091663,0.085076,0,0,0,true,1
ReasoningPlayer,966,5,0.895183,0.635157,0.974840,0,0,0,true,1
ReasoningPlayer,-100265,5,0.408956,0.968694,0.709185,99,98,1,false,0
ReasoningPlayer,-4127,5,0.611395,0.071809,0.371656,5,2,3,true,1
ReasoningPlayer,1000,5,0.168237,0.674027,0.971070,0,0,0,true,1
ReasoningPlayer,-100000,5,0.366951,0.829390,0.451224,0,0,0,false,0
ReasoningPlayer,-1117,5,0.650374,0.006551,0.582842,2,1,1,true,1
ReasoningPlayer,-100817,5,0.124723,0.422736,0.617701,100,100,0,false,0
ReasoningPlayer,-100212,5,0.778597,0.474879,0.855711,100,100,0,false,0
ReasoningPlayer,-1060,5,0.918691,0.440101,0.390181,2,1,1,true,1
ReasoningPlayer,-100850,5,0.328004,0.590164,0.483549,99,96,3,false,0
ReasoningPlayer,985,5,0.526907,0.688350,0.363270,0,0,0,true,1
ReasoningPlayer,-4198,5,0.333543,0.215855,0.399971,5,4,1,true,1
ReasoningPlayer,966,5,0.202571,0.068907,0.245359,0,0,0,true,1
ReasoningPlayer,-1019,5,0.937757,0.959482,0.506893,2,0,2,true,1
ReasoningPlayer,1000,5,0.463210,0.620301,0.951081,0,0,0,true,1
ReasoningPlayer,-4300,5,0.439680,0.234899,0.505262,5,3,2,true,1
ReasoningPlayer,-100412,5,0.279534,0.573979,0.671529,100,100,0,false,0
ReasoningPlayer,-2132,5,0.454026,0.348928,0.592714,3,1,2,true,1
ReasoningPlayer,-37,5,0.197975,0.980454,0.959201,1,1,0,true,1
ReasoningPlayer,-189,5,0.157169,0.470372,0.038524,1,0,1,true,1
ReasoningPlayer,-100360,5,0.560930,0.598663,0.871714,100,100,0,false,0
ReasoningPlayer,-100411,5,0.474974,0.740091,0.510715,100,100,0,false,0
ReasoningPlayer,-13302,5,0.815327,0.475594,0.768540,14,9,5,true,1
ReasoningPlayer,985,5,0.445828,0.868210,0.967591,0,0,0,true,1
ReasoningPlayer,-1061,5,0.103759,0.445445,0.269728,2,1,1,true,1
ReasoningPlayer,-1024,5,0.605513,0.050571,0.187283,2,0,2,true,1
ReasoningPlayer,1000,5,0.765832,0.664476,0.407839,0,0,0,true,1
ReasoningPlayer,-35769,5,0.121175,0.804990,0.892008,36,34,2,true,1
ReasoningPlayer,-6321,5,0.814775,0.082694,0.049240,7,0,7,true,1
ReasoningPlayer,-100983,5,0.128588,0.684353,0.523281,100,100,0,false,0
ReasoningPlayer,-4235,5,0.842210,0.297022,0.065406,5,0,5,true,1
ReasoningPlayer,-1123,5,0.676227,0.745746,0.182057,2,0,2,true,1
ReasoningPlayer,-100000,5,0.510331,0.689803,0.507698,1,0,1,false,0
ReasoningPlayer,800,5,0.274203,0.041954,0.001967,0,0,0,true,1
ReasoningPlayer,-2076,5,0.855682,0.835498,0.610931,3,1,2,true,1
ReasoningPlayer,999,5,0.005521,0.325099,0.260010,0,0,0,true,1
ReasoningPlayer,-100843,5,0.014180,0.358238,0.924424,100,100,0,false,0
ReasoningPlayer,-2194,5,0.748137,0.105186,0.129382,3,0,3,true,1
ReasoningPlayer,-10273,5,0.816743,0.291338,0.268618,11,3,8,true,1
ReasoningPlayer,966,5,0.342245,0.353751,0.972670,0,0,0,true,1
ReasoningPlayer,-100780,5,0.554553,0.371696,0.736908,100,99,1,false,0
ReasoningPlayer,-59,5,0.628590,0.571706,0.086431,1,0,1,true,1
ReasoningPlayer,956,5,0.300161,0.988756,0.224410,0,0,0,true,1
ReasoningPlayer,-100690,5,0.587513,0.909621,0.513071,100,99,1,false,0
ReasoningPlayer,-42,5,0.644693,0.887963,0.257828,1,0,1,true,1
ReasoningPlayer,-100952,5,0.279057,0.218662,0.902571,100,98,2,false,0
ReasoningPlayer,-9264,5,0.893678,0.437637,0.435482,10,5,5,true,1
ReasoningPlayer,1000,5,0.672757,0.673849,0.951716,0,0,0,true,1
ReasoningPlayer,-3045,5,0.397614,0.838242,0.947524,4,4,0,true,1
ReasoningPlayer,-100686,5,0.559492,0.222567,0.985434,100,97,3,false,0
ReasoningPlayer,907,5,0.193425,0.163197,0.239261,0,0,0,true,1
ReasoningPlayer,983,5,0.651860,0.016665,0.134042,0,0,0,true,1
ReasoningPlayer,1000,5,0.836220,0.446631,0.382652,0,0,0,true,1
ReasoningPlayer,980,5,0.345383,0.054152,0.958855,0,0,0,true,1
ReasoningPlayer,-4190,5,0.716241,0.098712,0.532074,5,2,3,true,1
ReasoningPlayer,-9177,5,0.869055,0.026563,0.490835,10,3,7,true,1
ReasoningPlayer,-100668,5,0.213996,0.953090,0.531451,100,98,2,false,0
ReasoningPlayer,-13165,5,0.185635,0.302282,0.473708,14,13,1,true,1
ReasoningPlayer,-37836,5,0.350083,0.000139,0.304148,38,35,3,true,1
ReasoningPlayer,-100834,5,0.791815,0.708460,0.192111,99,94,5,false,0
ReasoningPlayer,-100535,5,0.659377,0.897664,0.759556,100,100,0,false,0
ReasoningPlayer,-18,5,0.845210,0.360147,0.961627,1,1,0,true,1
ReasoningPlayer,-1063,5,0.558451,0.287757,0.178021,2,0,2,true,1
ReasoningPlayer,-1153,5,0.934825,0.952491,0.052501,2,0,2,true,1
ReasoningPlayer,-2171,5,0.598448,0.691868,0.147486,3,0,3,true,1
ReasoningPlayer,917,5,0.487236,0.329768,0.201055,0,0,0,true,1
ReasoningPlayer,-100023,5,0.493197,0.759993,0.301522,98,96,2,false,0
ReasoningPlayer,-2130,5,0.731849,0.594825,0.667489,3,2,1,true,1
ReasoningPlayer,-3305,5,0.396028,0.165090,0.201951,4,0,4,true,1
ReasoningPlayer,996,5,0.351884,0.767462,0.058301,0,0,0,true,1
ReasoningPlayer,-100147,5,0.452355,0.758361,0.494362,98,94,4,false,0
ReasoningPlayer,-36,5,0.236649,0.955357,0.424888,1,1,0,true,1
ReasoningPlayer,1000,5,0.484261,0.329488,0.887803,0,0,0,true,1
ReasoningPlayer,-10236,5,0.985538,0.003285,0.853131,11,4,7,true,1
ReasoningPlayer,-100489,5,0.745564,0.590031,0.938921,100,97,3,false,0
ReasoningPlayer,-94,5,0.152351,0.644361,0.294699,1,0,1,true,1
ReasoningPlayer,-2202,5,0.920712,0.756323,0.095980,3,0,3,true,1
ReasoningPlayer,967,5,0.363882,0.721540,0.479118,0,0,0,true,1
ReasoningPlayer,1000,5,0.999411,0.335781,0.941226,0,0,0,true,1
ReasoningPlayer,-2146,5,0.900507,0.181160,0.653089,3,1,2,true,1
ReasoningPlayer,983,5,0.834540,0.699775,0.194983,0,0,0,true,1
ReasoningPlayer,967,5,0.636276,0.287312,0.683392,0,0,0,true,1
ReasoningPlayer,-4447,5,0.248498,0.586157,0.367192,5,3,2,true,1
ReasoningPlayer,-100840,5,0.246801,0.062608,0.842460,100,96,4,false,0
ReasoningPlayer,-2315,5,0.579703,0.441261,0.189410,3,0,3,true,1
ReasoningPlayer,984,5,0.696352,0.945586,0.778580,0,0,0,true,1
ReasoningPlayer,-7254,5,0.815229,0.157454,0.282024,8,4,4,true,1
ReasoningPlayer,-114,5,0.399749,0.357638,0.709652,1,0,1,true,1
ReasoningPlayer,-11410,5,0.618221,0.257895,0.228821,12,10,2,true,1
ReasoningPlayer,-100835,5,0.355040,0.504857,0.521648,100,99,1,false,0
ReasoningPlayer,-8241,5,0.982342,0.441648,0.087347,9,0,9,true,1
ReasoningPlayer,-100000,5,0.491903,0.686373,0.998117,0,0,0,false,0
ReasoningPlayer,987,5,0.204402,0.943162,0.773645,0,0,0,true,1
ReasoningPlayer,-100532,5,0.557289,0.446235,0.950012,100,100,0,false,0
ReasoningPlayer,-1097,5,0.806896,0.740720,0.060896,2,1,1,true,1
ReasoningPlayer,-2023,5,0.940000,0.568264,0.197398,3,0,3,true,1
ReasoningPlayer,-100050,5,0.832520,0.926047,0.632107,99,95,4,false,0
ReasoningPlayer,960,5,0.842506,0.571920,0.614725,0,0,0,true,1
ReasoningPlayer,-100236,5,0.112910,0.725848,0.657776,99,99,0,false,0
ReasoningPlayer,-76,5,0.361133,0.593449,0.274598,1,0,1,true,1
ReasoningPlayer,-100801,5,0.145783,0.746762,0.333093,99,99,0,false,0
ReasoningPlayer,-16,5,0.101314,0.323487,0.893678,1,1,0,true,1
ReasoningPlayer,-9296,5,0.732099,0.045718,0.230113,10,7,3,true,1
ReasoningPlayer,-100001,5,0.496469,0.684999,0.627503,3,0,3,false,0
ReasoningPlayer,981,5,0.583557,0.952884,0.894627,0,0,0,true,1
ReasoningPlayer,-14133,5,0.627495,0.760825,0.904680,15,14,1,true,1
ReasoningPlayer,-100448,5,0.438091,0.085767,0.963520,100,100,0,false,0
ReasoningPlayer,985,5,0.962175,0.876952,0.607858,0,0,0,true,1
ReasoningPlayer,-11103,5,0.466621,0.379125,0.986094,12,11,1,true,1
ReasoningPlayer,-100705,5,0.504013,0.896615,0.968963,100,97,3,false,0
ReasoningPlayer,-100671,5,0.739268,0.951436,0.814171,100,99,1,false,0
ReasoningPlayer,967,5,0.609136,0.534009,0.065803,0,0,0,true,1
ReasoningPlayer,-100213,5,0.486870,0.267139,0.764574,100,100,0,false,0
ReasoningPlayer,996,5,0.495843,0.629139,0.600043,0,0,0,true,1
ReasoningPlayer,-155,5,0.758835,0.913567,0.059356,1,0,1,true,1
ReasoningPlayer,-50,5,0.828725,0.783480,0.562785,1,1,0,true,1
ReasoningPlayer,-11253,5,0.678212,0.768659,0.291629,12,5,7,true,1
ReasoningPlayer,-4060,5,0.849818,0.907774,0.611054,5,0,5,true,1
ReasoningPlayer,983,5,0.837950,0.812869,0.747274,0,0,0,true,1
ReasoningPlayer,-2393,5,0.291276,0.118577,0.190290,3,3,0,true,1
ReasoningPlayer,-4137,5,0.899517,0.055924,0.406613,5,2,3,true,1
ReasoningPlayer,-13597,5,0.723038,0.000898,0.145569,14,7,7,true,1
ReasoningPlayer,-100146,5,0.248727,0.272892,0.848372,100,100,0,false,0
ReasoningPlayer,940,5,0.347105,0.664329,0.315531,0,0,0,true,1
ReasoningPlayer,-6158,5,0.658306,0.537807,0.246041,7,5,2,true,1
ReasoningPlayer,-100474,5,0.376399,0.815028,0.242612,99,98,1,false,0
ReasoningPlayer,977,5,0.498645,0.017271,0.270948,0,0,0,true,1
ReasoningPlayer,-65,5,0.656797,0.473425,0.052772,1,0,1,true,1
ReasoningPlayer,-27,5,0.745518,0.548159,0.255805,1,0,1,true,1
ReasoningPlayer,-17,5,0.778599,0.136862,0.945943,1,0,1,true,1
ReasoningPlayer,-270,5,0.146382,0.127022,0.107786,1,1,0,true,1
ReasoningPlayer,-18546,5,0.548190,0.438972,0.830245,19,16,3,true,1
ReasoningPlayer,894,5,0.636974,0.334849,0.543964,0,0,0,true,1
ReasoningPlayer,-2158,5,0.868522,0.436507,0.960894,3,2,1,true,1
ReasoningPlayer,-14309,5,0.831313,0.707453,0.528485,15,12,3,true,1
ReasoningPlayer,923,5,0.121857,0.974658,0.087669,0,0,0,true,1
ReasoningPlayer,1000,5,0.946331,0.233620,0.766606,0,0,0,true,1
ReasoningPlayer,-1062,5,0.420165,0.480510,0.448932,2,2,0,true,1
ReasoningPlayer,-100717,5,0.344876,0.161816,0.623705,100,98,2,false,0
ReasoningPlayer,999,5,0.245085,0.520028,0.898167,0,0,0,true,1
ReasoningPlayer,991,5,0.387120,0.560297,0.427704,0,0,0,true,1
ReasoningPlayer,1000,5,0.244359,0.457425,0.730792,0,0,0,true,1
ReasoningPlayer,-3284,5,0.041776,0.090102,0.242947,4,3,1,true,1
ReasoningPlayer,-2068,5,0.286232,0.179559,0.160901,3,0,3,true,1
ReasoningPlayer,-3158,5,0.718083,0.998054,0.506174,4,1,3,true,1
ReasoningPlayer,-1101,5,0.345261,0.616502,0.443436,2,2,0,true,1
ReasoningPlayer,-10311,5,0.702417,0.746403,0.446549,11,4,7,true,1
ReasoningPlayer,983,5,0.747045,0.398937,0.957060,0,0,0,true,1
ReasoningPlayer,1000,5,0.006374,0.093356,0.699268,0,0,0,true,1
ReasoningPlayer,-4354,5,0.627205,0.561665,0.064267,5,1,4,true,1
ReasoningPlayer,-100211,5,0.115230,0.997097,0.615449,100,100,0,false,0
ReasoningPlayer,965,5,0.849897,0.520445,0.701850,0,0,0,true,1
ReasoningPlayer,999,5,0.247292,0.904849,0.291187,0,0,0,true,1
ReasoningPlayer,999,5,0.818712,0.328324,0.677917,0,0,0,true,1
ReasoningPlayer,-100309,5,0.148504,0.824605,0.528871,99,99,0,false,0
ReasoningPlayer,-8132,5,0.630091,0.341553,0.858941,9,4,5,true,1
ReasoningPlayer,-100855,5,0.927060,0.873913,0.719281,100,93,7,false,0
ReasoningPlayer,917,5,0.445579,0.199656,0.416636,0,0,0,true,1
ReasoningPlayer,-85,5,0.926087,0.617782,0.830430,1,1,0,true,1
ReasoningPlayer,993,5,0.170293,0.426814,0.211358,0,0,0,true,1
ReasoningPlayer,-2159,5,0.506774,0.603709,0.317403,3,0,3,true,1
ReasoningPlayer,-6277,5,0.943673,0.891828,0.154664,7,2,5,true,1
ReasoningPlayer,-100001,5,0.909762,0.780054,0.257266,2,0,2,false,0
ReasoningPlayer,989,5,0.294795,0.892888,0.004089,0,0,0,true,1
ReasoningPlayer,977,5,0.040983,0.445522,0.466992,0,0,0,true,1
ReasoningPlayer,-56737,5,0.354676,0.254265,0.780190,57,53,4,true,1
ReasoningPlayer,-7152,5,0.223370,0.570163,0.804646,8,8,0,true,1
ReasoningPlayer,994,5,0.315756,0.699981,0.688733,0,0,0,true,1
ReasoningPlayer,-43,5,0.223480,0.596816,0.481169,1,0,1,true,1
ReasoningPlayer,984,5,0.494244,0.991396,0.705375,0,0,0,true,1
ReasoningPlayer,-100605,5,0.429694,0.567968,0.640115,100,98,2,false,0
ReasoningPlayer,-7293,5,0.291712,0.140216,0.509290,8,4,4,true,1
ReasoningPlayer,-100485,5,0.075730,0.814861,0.985597,100,100,0,false,0
ReasoningPlayer,-18,5,0.022136,0.116413,0.205600,1,1,0,true,1
ReasoningPlayer,-2269,5,0.190872,0.729006,0.066583,3,0,3,true,1
ReasoningPlayer,966,5,0.720562,0.214452,0.770730,0,0,0,true,1
ReasoningPlayer,-100838,5,0.259952,0.842947,0.342115,99,99,0,false,0
ReasoningPlayer,999,5,0.477632,0.895446,0.703514,0,0,0,true,1
ReasoningPlayer,-56,5,0.806558,0.656561,0.162865,1,0,1,true,1
ReasoningPlayer,989,5,0.644912,0.933752,0.328293,0,0,0,true,1
ReasoningPlayer,-4301,5,0.609231,0.233117,0.787095,5,0,5,true,1
ReasoningPlayer,-100000,5,0.071097,0.932141,0.231598,0,0,0,false,0
ReasoningPlayer,-25292,5,0.531303,0.478802,0.903037,26,23,3,true,1
ReasoningPlayer,-12395,5,0.797064,0.270222,0.625470,13,9,4,true,1
ReasoningPlayer,-8176,5,0.921151,0.430004,0.426228,9,3,6,true,1
ReasoningPlayer,-3508,5,0.843848,0.777986,0.018923,4,0,4,true,1
ReasoningPlayer,999,5,0.823585,0.571052,0.572569,0,0,0,true,1
ReasoningPlayer,-100378,5,0.654093,0.514136,0.492444,99,94,5,false,0
ReasoningPlayer,998,5,0.359265,0.754787,0.040898,0,0,0,true,1
ReasoningPlayer,-5119,5,0.723516,0.032841,0.453381,6,5,1,true,1
ReasoningPlayer,919,5,0.273645,0.309566,0.159548,0,0,0,true,1
ReasoningPlayer,-16,5,0.110398,0.170247,0.894281,1,1,0,true,1
ReasoningPlayer,-6109,5,0.948341,0.296438,0.818549,7,4,3,true,1
ReasoningPlayer,-100795,5,0.010882,0.322952,0.570144,100,100,0,false,0
ReasoningPlayer,-12441,5,0.895776,0.083241,0.103408,13,1,12,true,1
ReasoningPlayer,-3089,5,0.905736,0.245936,0.889468,4,0,4,true,1
ReasoningPlayer,-2134,5,0.634665,0.679341,0.620411,3,2,1,true,1
ReasoningPlayer,-100255,5,0.936702,0.810374,0.710221,99,94,5,false,0
ReasoningPlayer,-100647,5,0.752928,0.923431,0.331433,100,99,1,false,0
ReasoningPlayer,-5310,5,0.971208,0.847277,0.224415,6,0,6,true,1
ReasoningPlayer,998,5,0.211779,0.232033,0.244693,0,0,0,true,1
ReasoningPlayer,990,5,0.123340,0.998034,0.079931,0,0,0,true,1
ReasoningPlayer,-6174,5,0.507464,0.339629,0.904905,7,4,3,true,1
ReasoningPlayer,-4141,5,0.473778,0.406381,0.248363,5,2,3,true,1
ReasoningPlayer,876,5,0.084912,0.231238,0.331803,0,0,0,true,1
ReasoningPlayer,-138,5,0.076047,0.548794,0.622748,1,0,1,true,1
ReasoningPlayer,-3104,5,0.461649,0.270029,0.832118,4,1,3,true,1
ReasoningPlayer,-1127,5,0.551879,0.614301,0.185615,2,0,2,true,1
ReasoningPlayer,955,5,0.363904,0.638511,0.090423,0,0,0,true,1
ReasoningPlayer,-5194,5,0.212519,0.634724,0.889416,6,4,2,true,1
ReasoningPlayer,985,5,0.964895,0.471037,0.684566,0,0,0,true,1
ReasoningPlayer,-58,5,0.540266,0.228559,0.248383,1,0,1,true,1
ReasoningPlayer,-100458,5,0.134855,0.083745,0.899185,100,100,0,false,0
ReasoningPlayer,1000,5,0.416928,0.974386,0.460366,0,0,0,true,1
ReasoningPlayer,-19431,5,0.722058,0.178597,0.575505,20,14,6,true,1
ReasoningPlayer,966,5,0.881733,0.362794,0.613499,0,0,0,true,1
ReasoningPlayer,-8336,5,0.964758,0.780436,0.058489,9,0,9,true,1
ReasoningPlayer,-16467,5,0.675865,0.201286,0.936402,17,15,2,true,1
ReasoningPlayer,-18,5,0.538017,0.476703,0.826642,1,1,0,true,1
ReasoningPlayer,985,5,0.916461,0.648278,0.920075,0,0,0,true,1
ReasoningPlayer,-2108,5,0.741269,0.582037,0.530416,3,1,2,true,1
ReasoningPlayer,-100279,5,0.018725,0.535758,0.569282,100,100,0,false,0
ReasoningPlayer,977,5,0.378517,0.504806,0.259079,0,0,0,true,1
ReasoningPlayer,1000,5,0.326660,0.783008,0.672739,0,0,0,true,1
ReasoningPlayer,-2070,5,0.841363,0.506879,0.411958,3,0,3,true,1
ReasoningPlayer,-3140,5,0.743805,0.905385,0.253236,4,3,1,true,1
ReasoningPlayer,996,5,0.315722,0.425823,0.498758,0,0,0,true,1
ReasoningPlayer,975,5,0.194869,0.453831,0.756328,0,0,0,true,1
ReasoningPlayer,-2170,5,0.357965,0.771052,0.137756,3,0,3,true,1
ReasoningPlayer,1000,5,0.763956,0.675682,0.841609,0,0,0,true,1
ReasoningPlayer,-10122,5,0.959165,0.960259,0.984471,11,5,6,true,1
ReasoningPlayer,-1199,5,0.408655,0.430508,0.182990,2,0,2,true,1
ReasoningPlayer,980,5,0.692752,0.674323,0.003242,0,0,0,true,1
ReasoningPlayer,985,5,0.851914,0.013082,0.589763,0,0,0,true,1
ReasoningPlayer,-1085,5,0.348734,0.269506,0.508110,2,2,0,true,1
ReasoningPlayer,-7394,5,0.512648,0.787868,0.201427,8,6,2,true,1
ReasoningPlayer,-100633,5,0.246181,0.583552,0.537586,100,100,0,false,0
ReasoningPlayer,-100752,5,0.605462,0.606421,0.956014,97,92,5,false,0
ReasoningPlayer,976,5,0.006095,0.042639,0.102218,0,0,0,true,1
ReasoningPlayer,993,5,0.070729,0.713183,0.000544,0,0,0,true,1
ReasoningPlayer,-100026,5,0.202391,0.751260,0.538059,99,98,1,false,0
ReasoningPlayer,975,5,0.086379,0.020915,0.016791,0,0,0,true,1
ReasoningPlayer,-100019,5,0.904384,0.806108,0.918946,99,95,4,false,0
ReasoningPlayer,-12318,5,0.156890,0.200595,0.436058,13,13,0,true,1
ReasoningPlayer,1000,5,0.516969,0.793884,0.203405,0,0,0,true,1
ReasoningPlayer,1000,5,0.314651,0.350253,0.370385,0,0,0,true,1
ReasoningPlayer,-100921,5,0.523275,0.734475,0.417415,100,98,2,false,0
ReasoningPlayer,-39752,5,0.742664,0.122945,0.498680,40,35,5,true,1
ReasoningPlayer,-100241,5,0.169708,0.334966,0.773533,100,100,0,false,0
ReasoningPlayer,971,5,0.120743,0.067794,0.615564,0,0,0,true,1
ReasoningPlayer,-100453,5,0.907473,0.592917,0.693074,100,97,3,false,0
ReasoningPlayer,-37,5,0.492215,0.703529,0.626238,1,1,0,true,1
ReasoningPlayer,-3199,5,0.542288,0.592880,0.396336,4,0,4,true,1
ReasoningPlayer,970,5,0.273727,0.056907,0.296975,0,0,0,true,1
ReasoningPlayer,-39,5,0.741417,0.888487,0.142984,1,0,1,true,1
ReasoningPlayer,-6168,5,0.813073,0.286339,0.439679,7,1,6,true,1
ReasoningPlayer,-22,5,0.422442,0.560913,0.599651,1,1,0,true,1
ReasoningPlayer,-100410,5,0.311882,0.723415,0.608704,100,100,0,false,0
ReasoningPlayer,-2068,5,0.891461,0.847157,0.865080,3,1,2,true,1
ReasoningPlayer,-2066,5,0.941170,0.523018,0.054156,3,0,3,true,1
ReasoningPlayer,-100536,5,0.621535,0.889397,0.747351,100,99,1,false,0
ReasoningPlayer,995,5,0.104911,0.859638,0.140498,0,0,0,true,1
ReasoningPlayer,-4170,5,0.649025,0.467491,0.237288,5,1,4,true,1
ReasoningPlayer,-95,5,0.363249,0.658279,0.781464,1,0,1,true,1
ReasoningPlayer,-58,5,0.521529,0.635285,0.203312,1,0,1,true,1
ReasoningPlayer,-3055,5,0.873199,0.539925,0.538080,4,0,4,true,1
ReasoningPlayer,994,5,0.034176,0.629279,0.014009,0,0,0,true,1
ReasoningPlayer,-1019,5,0.997885,0.502745,0.798859,2,1,1,true,1
ReasoningPlayer,-100973,5,0.040230,0.693935,0.615436,99,99,0,false,0
ReasoningPlayer,997,5,0.179598,0.781658,0.129651,0,0,0,true,1
ReasoningPlayer,-3075,5,0.988836,0.056820,0.012799,4,0,4,true,1
ReasoningPlayer,-9333,5,0.268253,0.933129,0.211844,10,8,2,true,1
ReasoningPlayer,-100366,5,0.520257,0.971078,0.764167,99,97,2,false,0
ReasoningPlayer,919,5,0.292989,0.003542,0.345091,0,0,0,true,1
ReasoningPlayer,-100001,5,0.102288,0.851509,0.043204,0,0,0,false,0
ReasoningPlayer,-100213,5,0.505469,0.354444,0.884794,100,100,0,false,0
ReasoningPlayer,-52563,5,0.907559,0.189824,0.795911,53,47,6,true,1
ReasoningPlayer,822,5,0.300426,0.454632,0.122520,0,0,0,true,1
ReasoningPlayer,-1019,5,0.668872,0.317240,0.152541,2,0,2,true,1
ReasoningPlayer,-100951,5,0.020724,0.497351,0.453330,100,100,0,false,0
ReasoningPlayer,-12563,5,0.289391,0.658239,0.381473,13,9,4,true,1
ReasoningPlayer,-100521,5,0.415954,0.772864,0.458818,100,99,1,false,0
ReasoningPlayer,-73,5,0.378746,0.904621,0.530033,1,0,1,true,1
ReasoningPlayer,-5255,5,0.677600,0.206035,0.066138,6,0,6,true,1
ReasoningPlayer,994,5,0.409517,0.347440,0.403136,0,0,0,true,1
ReasoningPlayer,980,5,0.099227,0.660979,0.816344,0,0,0,true,1
ReasoningPlayer,-2022,5,0.787318,0.296322,0.521033,3,0,3,true,1
ReasoningPlayer,-8260,5,0.882877,0.497935,0.631479,9,4,5,true,1
ReasoningPlayer,-122,5,0.170006,0.248320,0.181200,1,0,1,true,1
ReasoningPlayer,-3387,5,0.855838,0.340580,0.247520,4,0,4,true,1
ReasoningPlayer,-9573,5,0.897407,0.945903,0.157220,10,2,8,true,1
ReasoningPlayer,-1039,5,0.594795,0.146403,0.664905,2,2,0,true,1
ReasoningPlayer,-1114,5,0.364352,0.186918,0.001806,2,0,2,true,1
ReasoningPlayer,-9081,5,0.943834,0.961663,0.842111,10,7,3,true,1
ReasoningPlayer,-4376,5,0.720460,0.766247,0.406435,5,0,5,true,1
ReasoningPlayer,888,5,0.222154,0.350835,0.249757,0,0,0,true,1
ReasoningPlayer,-11318,5,0.965726,0.084123,0.802574,12,8,4,true,1
ReasoningPlayer,-2079,5,0.657139,0.505293,0.438938,3,0,3,true,1
ReasoningPlayer,-6120,5,0.559077,0.141289,0.987497,7,5,2,true,1
ReasoningPlayer,1000,5,0.155807,0.716042,0.130796,0,0,0,true,1
ReasoningPlayer,874,5,0.217040,0.044830,0.311062,0,0,0,true,1
ReasoningPlayer,-100000,5,0.396697,0.921238,0.474440,1,0,1,false,0
ReasoningPlayer,-5198,5,0.972879,0.005999,0.080636,6,0,6,true,1
ReasoningPlayer,-100567,5,0.135992,0.763620,0.563864,100,100,0,false,0
ReasoningPlayer,985,5,0.536104,0.654782,0.713308,0,0,0,true,1
ReasoningPlayer,-143,5,0.373879,0.290188,0.364884,1,0,1,true,1
ReasoningPlayer,-7193,5,0.953174,0.404615,0.593303,8,4,4,true,1
ReasoningPlayer,-100143,5,0.714641,0.542775,0.240755,99,98,1,false,0
ReasoningPlayer,-1211,5,0.859494,0.450308,0.055638,2,0,2,true,1
ReasoningPlayer,962,5,0.518295,0.691816,0.937238,0,0,0,true,1
ReasoningPlayer,-58,5,0.739144,0.695936,0.813989,1,0,1,true,1
ReasoningPlayer,-15425,5,0.721197,0.596571,0.398516,16,13,3,true,1
ReasoningPlayer,999,5,0.502858,0.706779,0.052721,0,0,0,true,1
ReasoningPlayer,-7204,5,0.983393,0.195255,0.135572,8,0,8,true,1
ReasoningPlayer,-11193,5,0.959241,0.426985,0.303233,12,2,10,true,1
ReasoningPlayer,-1065,5,0.883643,0.571774,0.106204,2,0,2,true,1
ReasoningPlayer,-45400,5,0.913252,0.466057,0.788258,46,40,6,true,1
ReasoningPlayer,1000,5,0.558298,0.967720,0.535580,0,0,0,true,1
ReasoningPlayer,1000,5,0.376195,0.842687,0.731416,0,0,0,true,1
ReasoningPlayer,1000,5,0.593366,0.136434,0.699627,0,0,0,true,1
ReasoningPlayer,-3064,5,0.830673,0.091340,0.951970,4,3,1,true,1
ReasoningPlayer,-90,5,0.303114,0.919787,0.099173,1,1,0,true,1
ReasoningPlayer,-2208,5,0.452524,0.039197,0.076978,3,0,3,true,1
ReasoningPlayer,-100026,5,0.233129,0.589105,0.405928,99,99,0,false,0
ReasoningPlayer,886,5,0.361333,0.599758,0.757506,0,0,0,true,1
ReasoningPlayer,-1021,5,0.827462,0.572514,0.094301,2,0,2,true,1
ReasoningPlayer,-100000,5,0.235669,0.902352,0.146600,0,0,0,false,0
ReasoningPlayer,-1158,5,0.511847,0.607047,0.364881,2,1,1,true,1
ReasoningPlayer,-17,5,0.294300,0.578698,0.530610,1,1,0,true,1
ReasoningPlayer,-2096,5,0.828311,0.941876,0.192051,3,0,3,true,1
ReasoningPlayer,1000,5,0.687832,0.200210,0.770452,0,0,0,true,1
ReasoningPlayer,953,5,0.868036,0.987999,0.512570,0,0,0,true,1
ReasoningPlayer,-3118,5,0.666000,0.641300,0.145388,4,1,3,true,1
ReasoningPlayer,-6214,5,0.793206,0.190138,0.433745,7,3,4,true,1
ReasoningPlayer,-18,5,0.555353,0.519978,0.260986,1,0,1,true,1
ReasoningPlayer,1000,5,0.215693,0.991074,0.145652,0,0,0,true,1
ReasoningPlayer,975,5,0.093662,0.119672,0.018709,0,0,0,true,1
ReasoningPlayer,-156,5,0.158759,0.591615,0.035157,1,0,1,true,1
ReasoningPlayer,-7259,5,0.185898,0.154621,0.802845,8,7,1,true,1
ReasoningPlayer,-100000,5,0.112054,0.977086,0.430714,0,0,0,false,0
ReasoningPlayer,-22,5,0.759145,0.031333,0.248794,1,0,1,true,1
ReasoningPlayer,-1059,5,0.691863,0.001865,0.863167,2,2,0,true,1
ReasoningPlayer,-10367,5,0.359007,0.553277,0.364309,11,9,2,true,1
ReasoningPlayer,1000,5,0.826085,0.487040,0.663241,0,0,0,true,1
ReasoningPlayer,-100651,5,0.128694,0.285047,0.703721,100,99,1,false,0
ReasoningPlayer,-100893,5,0.432305,0.504743,0.882043,100,100,0,false,0
ReasoningPlayer,875,5,0.196467,0.552110,0.487305,0,0,0,true,1
ReasoningPlayer,-23,5,0.779704,0.679803,0.714526,1,1,0,true,1
ReasoningPlayer,996,5,0.542008,0.616590,0.429099,0,0,0,true,1
ReasoningPlayer,-100529,5,0.200559,0.240803,0.922235,100,100,0,false,0
ReasoningPlayer,-5141,5,0.563767,0.298544,0.923361,6,4,2,true,1
ReasoningPlayer,-13195,5,0.420691,0.175909,0.832401,14,13,1,true,1
ReasoningPlayer,-4157,5,0.695624,0.863221,0.651360,5,2,3,true,1
ReasoningPlayer,-100511,5,0.433298,0.593430,0.773973,100,98,2,false,0
ReasoningPlayer,-100451,5,0.062315,0.571835,0.536973,99,99,0,false,0
ReasoningPlayer,-1020,5,0.766845,0.824189,0.782905,2,1,1,true,1
ReasoningPlayer,984,5,0.780953,0.897471,0.904103,0,0,0,true,1
ReasoningPlayer,-100857,5,0.961688,0.925651,0.851109,100,96,4,false,0
ReasoningPlayer,-157,5,0.744346,0.086765,0.195727,1,0,1,true,1
ReasoningPlayer,-8194,5,0.635431,0.721411,0.235121,9,6,3,true,1
ReasoningPlayer,-4046,5,0.616425,0.846583,0.399665,5,4,1,true,1
ReasoningPlayer,-100413,5,0.293861,0.920941,0.507590,100,100,0,false,0
ReasoningPlayer,1000,5,0.058437,0.344736,0.508097,0,0,0,true,1
ReasoningPlayer,-100000,5,0.940062,0.972301,0.300134,1,0,1,false,0
ReasoningPlayer,985,5,0.536026,0.123329,0.706536,0,0,0,true,1
ReasoningPlayer,947,5,0.002958,0.285444,0.519568,0,0,0,true,1
ReasoningPlayer,-177,5,0.253250,0.667866,0.255206,1,0,1,true,1
ReasoningPlayer,-206,5,0.399113,0.178344,0.237635,1,0,1,true,1
ReasoningPlayer,911,5,0.063151,0.287083,0.075502,0,0,0,true,1
ReasoningPlayer,-18398,5,0.955953,0.116878,0.270618,19,9,10,true,1
ReasoningPlayer,965,5,0.530607,0.216719,0.191934,0,0,0,true,1
ReasoningPlayer,-100485,5,0.555419,0.488450,0.539991,100,100,0,false,0
ReasoningPlayer,-1044,5,0.508997,0.840959,0.383349,2,0,2,true,1
ReasoningPlayer,-100532,5,0.345980,0.636982,0.795651,100,100,0,false,0
ReasoningPlayer,-1179,5,0.646240,0.051075,0.565618,2,0,2,true,1
ReasoningPlayer,-100483,5,0.156413,0.233060,0.893616,100,100,0,false,0
ReasoningPlayer,-49,5,0.588877,0.751491,0.632698,1,1,0,true,1
ReasoningPlayer,-57,5,0.812215,0.219741,0.051058,1,0,1,true,1
ReasoningPlayer,-2109,5,0.407528,0.645700,0.217160,3,3,0,true,1
ReasoningPlayer,-4143,5,0.687036,0.695499,0.901281,5,2,3,true,1
ReasoningPlayer,-100001,5,0.947629,0.751725,0.260010,2,0,2,false,0
ReasoningPlayer,971,5,0.346354,0.726692,0.584275,0,0,0,true,1
ReasoningPlayer,-100413,5,0.612238,0.719376,0.489753,100,100,0,false,0
ReasoningPlayer,-1216,5,0.184665,0.450362,0.926547,2,2,0,true,1
ReasoningPlayer,-18,5,0.126962,0.356778,0.161045,1,0,1,true,1
ReasoningPlayer,951,5,0.193554,0.083506,0.175353,0,0,0,true,1
ReasoningPlayer,-3110,5,0.410812,0.775452,0.374511,4,1,3,true,1
ReasoningPlayer,-100236,5,0.395956,0.918417,0.992773,99,99,0,false,0
ReasoningPlayer,-18,5,0.992865,0.982822,0.344010,1,0,1,true,1
ReasoningPlayer,994,5,0.558237,0.798606,0.016318,0,0,0,true,1
ReasoningPlayer,-3177,5,0.856915,0.386011,0.370135,4,0,4,true,1
ReasoningPlayer,-58,5,0.859931,0.351033,0.334214,1,0,1,true,1
ReasoningPlayer,1000,5,0.970354,0.616116,0.465380,0,0,0,true,1
ReasoningPlayer,-100411,5,0.621427,0.734951,0.580990,100,100,0,false,0
ReasoningPlayer,-100179,5,0.536980,0.979252,0.425374,99,99,0,false,0
ReasoningPlayer,-100412,5,0.619786,0.364325,0.955496,100,100,0,false,0
ReasoningPlayer,-4264,5,0.605675,0.128127,0.191828,5,1,4,true,1
ReasoningPlayer,-13434,5,0.166353,0.900214,0.518605,14,12,2,true,1
ReasoningPlayer,-5410,5,0.639172,0.711002,0.068363,6,0,6,true,1
ReasoningPlayer,-103,5,0.977823,0.394204,0.408299,1,0,1,true,1
ReasoningPlayer,-100339,5,0.992652,0.575947,0.363967,99,92,7,false,0
ReasoningPlayer,-16277,5,0.992821,0.318444,0.679004,17,10,7,true,1
ReasoningPlayer,-100000,5,0.635720,0.916281,0.406044,1,0,1,false,0
ReasoningPlayer,-100146,5,0.013565,0.038251,0.940374,100,100,0,false,0
ReasoningPlayer,-1046,5,0.460273,0.664110,0.313533,2,0,2,true,1
ReasoningPlayer,999,5,0.278416,0.187872,0.745299,0,0,0,true,1
ReasoningPlayer,1000,5,0.909727,0.645672,0.099715,0,0,0,true,1
ReasoningPlayer,-1096,5,0.484535,0.188792,0.212046,2,0,2,true,1
ReasoningPlayer,984,5,0.622653,0.974605,0.405397,0,0,0,true,1
ReasoningPlayer,-100860,5,0.115862,0.514916,0.911862,100,99,1,false,0
ReasoningPlayer,-100412,5,0.158618,0.893746,0.689359,100,100,0,false,0
ReasoningPlayer,991,5,0.222333,0.143801,0.909162,0,0,0,true,1
ReasoningPlayer,-4059,5,0.440415,0.596273,0.939279,5,3,2,true,1
ReasoningPlayer,-6379,5,0.620929,0.243509,0.601137,7,3,4,true,1
ReasoningPlayer,-100529,5,0.251040,0.323116,0.749751,100,100,0,false,0
ReasoningPlayer,996,5,0.223568,0.508216,0.808962,0,0,0,true,1
ReasoningPlayer,-2105,5,0.334089,0.402944,0.953220,3,2,1,true,1
ReasoningPlayer,-1220,5,0.264049,0.571732,0.362179,2,0,2,true,1
ReasoningPlayer,918,5,0.402574,0.577701,0.315450,0,0,0,true,1
ReasoningPlayer,-64,5,0.315871,0.667983,0.176657,1,1,0,true,1
ReasoningPlayer,-100620,5,0.625512,0.441595,0.221893,100,98,2,false,0
ReasoningPlayer,-4074,5,0.431345,0.664350,0.837005,5,5,0,true,1
ReasoningPlayer,-100570,5,0.067780,0.662606,0.809630,100,100,0,false,0
ReasoningPlayer,-39,5,0.553605,0.932628,0.785526,1,0,1,true,1
ReasoningPlayer,-100674,5,0.662291,0.697458,0.837539,100,97,3,false,0
ReasoningPlayer,-59,5,0.667077,0.330182,0.017754,1,0,1,true,1
ReasoningPlayer,-2139,5,0.822131,0.345524,0.353306,3,0,3,true,1
ReasoningPlayer,-8222,5,0.366086,0.099383,0.362143,9,7,2,true,1
ReasoningPlayer,-11330,5,0.903265,0.902436,0.199772,12,6,6,true,1
ReasoningPlayer,-12104,5,0.589534,0.437353,0.948297,13,11,2,true,1
ReasoningPlayer,-7179,5,0.727068,0.105892,0.816860,8,6,2,true,1
ReasoningPlayer,-100416,5,0.943014,0.192848,0.860870,100,99,1,false,0
ReasoningPlayer,976,5,0.009476,0.046341,0.022775,0,0,0,true,1
ReasoningPlayer,-42,5,0.106198,0.887311,0.548383,1,1,0,true,1
ReasoningPlayer,-100000,5,0.234930,0.823036,0.304885,99,98,1,false,0
ReasoningPlayer,1000,5,0.397495,0.478929,0.668055,0,0,0,true,1
ReasoningPlayer,1000,5,0.595543,0.837379,0.094319,0,0,0,true,1
ReasoningPlayer,-100674,5,0.281543,0.860111,0.356545,100,99,1,false,0
ReasoningPlayer,922,5,0.597699,0.153368,0.938195,0,0,0,true,1
ReasoningPlayer,947,5,0.896438,0.540250,0.626407,0,0,0,true,1
ReasoningPlayer,-13279,5,0.750398,0.538981,0.990827,14,12,2,true,1
ReasoningPlayer,-4071,5,0.032121,0.778807,0.699919,5,5,0,true,1
ReasoningPlayer,-15345,5,0.994510,0.399204,0.813480,16,10,6,true,1
ReasoningPlayer,-4131,5,0.191290,0.232451,0.653810,5,5,0,true,1
ReasoningPlayer,-100016,5,0.734230,0.384482,0.766133,99,99,0,false,0
ReasoningPlayer,-7267,5,0.738619,0.019906,0.104782,8,0,8,true,1
ReasoningPlayer,-100298,5,0.187575,0.618072,0.881403,100,100,0,false,0
ReasoningPlayer,1000,5,0.818953,0.716807,0.708371,0,0,0,true,1
ReasoningPlayer,1000,5,0.400065,0.139331,0.788841,0,0,0,true,1
ReasoningPlayer,-100266,5,0.873390,0.819665,0.661048,99,94,5,false,0
ReasoningPlayer,990,5,0.454674,0.761431,0.188070,0,0,0,true,1
ReasoningPlayer,1000,5,0.673449,0.484260,0.922798,0,0,0,true,1
ReasoningPlayer,-3205,5,0.873750,0.342397,0.404162,4,1,3,true,1
ReasoningPlayer,-2030,5,0.844442,0.092658,0.547100,3,0,3,true,1
ReasoningPlayer,-100192,5,0.828560,0.765491,0.472627,99,92,7,false,0
ReasoningPlayer,1000,5,0.673245,0.349508,0.896237,0,0,0,true,1
ReasoningPlayer,-2024,5,0.855253,0.313647,0.940810,3,1,2,true,1
ReasoningPlayer,-100440,5,0.453230,0.989339,0.008260,98,95,3,false,0
ReasoningPlayer,-100241,5,0.299640,0.744370,0.505366,99,98,1,false,0
ReasoningPlayer,-8173,5,0.867363,0.800960,0.390477,9,1,8,true,1
ReasoningPlayer,1000,5,0.576989,0.164834,0.772057,0,0,0,true,1
ReasoningPlayer,1000,5,0.653567,0.973473,0.762888,0,0,0,true,1
ReasoningPlayer,-11174,5,0.607979,0.757133,0.786048,12,9,3,true,1
ReasoningPlayer,-4286,5,0.535300,0.843375,0.029992,5,0,5,true,1
ReasoningPlayer,-1020,5,0.971526,0.793046,0.672227,2,0,2,true,1
ReasoningPlayer,1000,5,0.682816,0.998122,0.084461,0,0,0,true,1
ReasoningPlayer,962,5,0.564191,0.035250,0.301272,0,0,0,true,1
ReasoningPlayer,-1253,5,0.641438,0.564725,0.051558,2,0,2,true,1
ReasoningPlayer,-7292,5,0.961349,0.173837,0.585926,8,0,8,true,1
ReasoningPlayer,-100904,5,0.114018,0.000516,0.676203,100,99,1,false,0
ReasoningPlayer,-21196,5,0.495976,0.065852,0.962571,22,16,6,true,1
ReasoningPlayer,-2041,5,0.404047,0.097292,0.689226,3,3,0,true,1
ReasoningPlayer,-1019,5,0.987487,0.201364,0.147002,2,0,2,true,1
ReasoningPlayer,-36434,5,0.948939,0.421440,0.916719,37,26,11,true,1
ReasoningPlayer,-10334,5,0.418051,0.528675,0.113484,11,11,0,true,1
ReasoningPlayer,-2089,5,0.732155,0.425239,0.414243,3,2,1,true,1
ReasoningPlayer,-6119,5,0.941627,0.847338,0.847720,7,5,2,true,1
ReasoningPlayer,-203,5,0.537021,0.783923,0.110749,1,0,1,true,1
ReasoningPlayer,-4426,5,0.867959,0.780865,0.104267,5,0,5,true,1
ReasoningPlayer,-100146,5,0.870448,0.616872,0.977007,100,100,0,false,0
ReasoningPlayer,-3043,5,0.557977,0.528776,0.665867,4,3,1,true,1
ReasoningPlayer,-2129,5,0.864044,0.538813,0.028600,3,0,3,true,1
ReasoningPlayer,958,5,0.038695,0.373873,0.386939,0,0,0,true,1
ReasoningPlayer,-111,5,0.773056,0.529538,0.019485,1,0,1,true,1
ReasoningPlayer,1000,5,0.056459,0.286460,0.208462,0,0,0,true,1
ReasoningPlayer,-19,5,0.606829,0.401478,0.260935,1,1,0,true,1
ReasoningPlayer,-100260,5,0.871336,0.970459,0.881266,98,94,4,false,0
ReasoningPlayer,-100552,5,0.501484,0.848574,0.941516,100,98,2,false,0
ReasoningPlayer,904,5,0.407939,0.681649,0.025489,0,0,0,true,1
ReasoningPlayer,-8059,5,0.296593,0.264174,0.752562,9,8,1,true,1
ReasoningPlayer,-100211,5,0.146824,0.007344,0.503846,100,100,0,false,0
ReasoningPlayer,-17,5,0.310101,0.478958,0.713239,1,1,0,true,1
ReasoningPlayer,966,5,0.015036,0.218040,0.685543,0,0,0,true,1
ReasoningPlayer,-4196,5,0.973626,0.472763,0.309478,5,1,4,true,1
ReasoningPlayer,-100545,5,0.335778,0.520348,0.737842,100,97,3,false,0
ReasoningPlayer,985,5,0.044525,0.809287,0.428408,0,0,0,true,1
ReasoningPlayer,-100440,5,0.868667,0.589098,0.487500,99,95,4,false,0
ReasoningPlayer,-100113,5,0.849738,0.804284,0.897883,100,100,0,false,0
ReasoningPlayer,-100493,5,0.028711,0.713908,0.949994,100,100,0,false,0
ReasoningPlayer,985,5,0.033906,0.212416,0.589667,0,0,0,true,1
ReasoningPlayer,983,5,0.350819,0.137831,0.308303,0,0,0,true,1
ReasoningPlayer,-18,5,0.722457,0.873509,0.172016,1,1,0,true,1
ReasoningPlayer,-12308,5,0.176209,0.115631,0.834388,13,12,1,true,1
ReasoningPlayer,-5245,5,0.807528,0.335612,0.406861,6,0,6,true,1
ReasoningPlayer,-3151,5,0.808163,0.596708,0.056683,4,0,4,true,1
ReasoningPlayer,-1081,5,0.206264,0.931947,0.879582,2,2,0,true,1
ReasoningPlayer,-100213,5,0.119652,0.509086,0.879083,100,100,0,false,0
ReasoningPlayer,-100146,5,0.709287,0.265241,0.773283,100,100,0,false,0
ReasoningPlayer,-11417,5,0.818960,0.449868,0.516111,12,8,4,true,1
ReasoningPlayer,-2284,5,0.261175,0.101865,0.599214,3,3,0,true,1
ReasoningPlayer,-4242,5,0.487759,0.284349,0.112023,5,3,2,true,1
ReasoningPlayer,-3103,5,0.820562,0.527050,0.062291,4,0,4,true,1
ReasoningPlayer,-5072,5,0.717312,0.127904,0.017504,6,0,6,true,1
ReasoningPlayer,-100320,5,0.007776,0.010761,0.663815,100,100,0,false,0
ReasoningPlayer,967,5,0.472719,0.385810,0.586781,0,0,0,true,1
ReasoningPlayer,-7316,5,0.532614,0.102772,0.457982,8,6,2,true,1
ReasoningPlayer,-100000,5,0.424167,0.707449,0.383169,0,0,0,false,0
ReasoningPlayer,-3224,5,0.420358,0.558300,0.116807,4,0,4,true,1
ReasoningPlayer,-3306,5,0.781891,0.670589,0.116528,4,0,4,true,1
ReasoningPlayer,-36,5,0.634099,0.207311,0.198705,1,0,1,true,1
ReasoningPlayer,-6057,5,0.963600,0.843419,0.928238,7,3,4,true,1
ReasoningPlayer,-1060,5,0.186085,0.158103,0.135198,2,2,0,true,1
ReasoningPlayer,-99,5,0.687060,0.218414,0.656220,1,1,0,true,1
ReasoningPlayer,999,5,0.897420,0.477941,0.870941,0,0,0,true,1
ReasoningPlayer,-8078,5,0.215706,0.311218,0.994255,9,8,1,true,1
ReasoningPlayer,-3188,5,0.808165,0.250858,0.534079,4,2,2,true,1
ReasoningPlayer,955,5,0.062916,0.955110,0.468344,0,0,0,true,1
ReasoningPlayer,-2054,5,0.859564,0.477978,0.743638,3,2,1,true,1
ReasoningPlayer,971,5,0.474094,0.779346,0.521888,0,0,0,true,1
ReasoningPlayer,-13263,5,0.914785,0.183084,0.741544,14,10,4,true,1
ReasoningPlayer,-100000,5,0.119945,0.866893,0.786675,0,0,0,false,0
ReasoningPlayer,1000,5,0.798750,0.012067,0.079360,0,0,0,true,1
ReasoningPlayer,-100951,5,0.236281,0.269794,0.545624,100,100,0,false,0
ReasoningPlayer,-1128,5,0.713117,0.687487,0.001218,2,0,2,true,1
ReasoningPlayer,1000,5,0.694123,0.091459,0.115343,0,0,0,true,1
ReasoningPlayer,1000,5,0.807595,0.688734,0.398679,0,0,0,true,1
ReasoningPlayer,970,5,0.359399,0.194230,0.213120,0,0,0,true,1
ReasoningPlayer,995,5,0.598972,0.186182,0.521466,0,0,0,true,1
ReasoningPlayer,-3282,5,0.456780,0.274368,0.567109,4,0,4,true,1
ReasoningPlayer,-10273,5,0.356705,0.448067,0.807992,11,9,2,true,1
ReasoningPlayer,-100213,5,0.261503,0.878449,0.995285,100,100,0,false,0
ReasoningPlayer,-100519,5,0.097748,0.967164,0.846039,100,99,1,false,0
ReasoningPlayer,994,5,0.252742,0.775550,0.755096,0,0,0,true,1
ReasoningPlayer,-48614,5,0.829490,0.398365,0.728513,49,44,5,true,1
ReasoningPlayer,915,5,0.240314,0.105678,0.160442,0,0,0,true,1
ReasoningPlayer,-100658,5,0.571073,0.957280,0.870325,100,100,0,false,0
ReasoningPlayer,-7243,5,0.963320,0.600765,0.706339,8,1,7,true,1
ReasoningPlayer,-56,5,0.189662,0.275318,0.685458,1,1,0,true,1
ReasoningPlayer,930,5,0.216661,0.421267,0.336881,0,0,0,true,1
ReasoningPlayer,1000,5,0.476111,0.331520,0.670524,0,0,0,true,1
ReasoningPlayer,-7157,5,0.822952,0.316669,0.063352,8,1,7,true,1
ReasoningPlayer,-1202,5,0.217317,0.150778,0.231492,2,0,2,true,1
ReasoningPlayer,-100000,5,0.288902,0.746950,0.082832,0,0,0,false,0
ReasoningPlayer,-100528,5,0.410771,0.558823,0.649993,100,99,1,false,0
ReasoningPlayer,-37,5,0.994281,0.685644,0.481517,1,0,1,true,1
ReasoningPlayer,961,5,0.617629,0.675373,0.587299,0,0,0,true,1
ReasoningPlayer,966,5,0.407525,0.252282,0.821376,0,0,0,true,1
ReasoningPlayer,-6383,5,0.718104,0.688703,0.437669,7,5,2,true,1
ReasoningPlayer,-8206,5,0.426159,0.327875,0.615455,9,8,1,true,1
ReasoningPlayer,-2092,5,0.768134,0.140229,0.184661,3,0,3,true,1
ReasoningPlayer,972,5,0.245698,0.424006,0.280041,0,0,0,true,1
ReasoningPlayer,1000,5,0.056970,0.730808,0.497888,0,0,0,true,1
ReasoningPlayer,-7326,5,0.582585,0.383161,0.416647,8,7,1,true,1
ReasoningPlayer,-37,5,0.926211,0.987763,0.993732,1,1,0,true,1
ReasoningPlayer,-3080,5,0.951886,0.861048,0.700780,4,2,2,true,1
ReasoningPlayer,1000,5,0.073577,0.871187,0.529083,0,0,0,true,1
ReasoningPlayer,-100067,5,0.537759,0.903767,0.637398,99,97,2,false,0
ReasoningPlayer,-105,5,0.367813,0.090000,0.306238,1,0,1,true,1
ReasoningPlayer,985,5,0.924772,0.503463,0.555797,0,0,0,true,1
ReasoningPlayer,-100985,5,0.129797,0.004338,0.440763,100,98,2,false,0
ReasoningPlayer,-64,5,0.183454,0.562135,0.452875,1,1,0,true,1
ReasoningPlayer,-30503,5,0.171648,0.145097,0.530093,31,30,1,true,1
ReasoningPlayer,-1073,5,0.048566,0.778109,0.318123,2,1,1,true,1
ReasoningPlayer,-25,5,0.959207,0.639245,0.003830,1,0,1,true,1
ReasoningPlayer,-100822,5,0.889613,0.203588,0.973268,100,96,4,false,0
ReasoningPlayer,-100001,5,0.199918,0.918724,0.528510,0,0,0,false,0
ReasoningPlayer,-14214,5,0.968362,0.511953,0.993105,15,8,7,true,1
ReasoningPlayer,-1068,5,0.130578,0.660449,0.168713,2,1,1,true,1
ReasoningPlayer,-3137,5,0.897559,0.814179,0.122250,4,0,4,true,1
ReasoningPlayer,1000,5,0.257409,0.776679,0.107920,0,0,0,true,1
ReasoningPlayer,-2185,5,0.970608,0.425854,0.617906,3,0,3,true,1
ReasoningPlayer,-100410,5,0.301085,0.691806,0.538964,100,100,0,false,0
ReasoningPlayer,-100389,5,0.007435,0.607631,0.905756,100,100,0,false,0
ReasoningPlayer,895,5,0.435118,0.018600,0.424100,0,0,0,true,1
ReasoningPlayer,-100531,5,0.862796,0.577330,0.780897,100,96,4,false,0
ReasoningPlayer,-100951,5,0.437789,0.920929,0.574862,100,99,1,false,0
ReasoningPlayer,-9263,5,0.747462,0.162870,0.486681,10,7,3,true,1
ReasoningPlayer,-17,5,0.262784,0.929861,0.334656,1,1,0,true,1
ReasoningPlayer,-63,5,0.919368,0.270202,0.401237,1,1,0,true,1
ReasoningPlayer,-100554,5,0.476005,0.196422,0.782245,100,99,1,false,0
ReasoningPlayer,-100918,5,0.182335,0.864912,0.716493,100,99,1,false,0
ReasoningPlayer,983,5,0.506591,0.219696,0.078590,0,0,0,true,1
ReasoningPlayer,-100221,5,0.477433,0.692214,0.541215,99,99,0,false,0
ReasoningPlayer,978,5,0.266923,0.007858,0.416213,0,0,0,true,1
ReasoningPlayer,-40,5,0.831557,0.316929,0.853815,1,0,1,true,1
ReasoningPlayer,982,5,0.253975,0.608358,0.109931,0,0,0,true,1
ReasoningPlayer,-100596,5,0.126221,0.878607,0.899874,100,99,1,false,0
ReasoningPlayer,992,5,0.144417,0.600054,0.097482,0,0,0,true,1
ReasoningPlayer,-100518,5,0.825717,0.900095,0.122903,100,99,1,false,0
ReasoningPlayer,-15207,5,0.326905,0.764566,0.452467,16,15,1,true,1
ReasoningPlayer,-13361,5,0.638325,0.530314,0.856170,14,10,4,true,1
ReasoningPlayer,952,5,0.012263,0.958568,0.201114,0,0,0,true,1
ReasoningPlayer,985,5,0.429732,0.260367,0.531551,0,0,0,true,1
ReasoningPlayer,-100211,5,0.058127,0.576727,0.576409,100,100,0,false,0
ReasoningPlayer,-3165,5,0.838615,0.739835,0.493404,4,1,3,true,1
ReasoningPlayer,-17353,5,0.518004,0.732397,0.932991,18,16,2,true,1
ReasoningPlayer,-100689,5,0.406757,0.197613,0.978298,100,96,4,false,0
ReasoningPlayer,835,5,0.051827,0.867407,0.525346,0,0,0,true,1
ReasoningPlayer,-1152,5,0.498328,0.796034,0.943887,2,1,1,true,1
ReasoningPlayer,-29484,5,0.638516,0.332770,0.658821,30,28,2,true,1
ReasoningPlayer,944,5,0.384972,0.222585,0.132905,0,0,0,true,1
ReasoningPlayer,-16,5,0.730785,0.130245,0.843139,1,1,0,true,1
ReasoningPlayer,997,5,0.077171,0.951001,0.643761,0,0,0,true,1
ReasoningPlayer,-6188,5,0.854862,0.463471,0.293632,7,3,4,true,1
ReasoningPlayer,-2074,5,0.421683,0.930978,0.871947,3,1,2,true,1
ReasoningPlayer,-44,5,0.246541,0.681964,0.765457,1,1,0,true,1
ReasoningPlayer,985,5,0.715384,0.337797,0.682656,0,0,0,true,1
ReasoningPlayer,-89,5,0.040281,0.198532,0.396620,1,1,0,true,1
ReasoningPlayer,-2264,5,0.335118,0.321383,0.192944,3,1,2,true,1
ReasoningPlayer,-2366,5,0.697240,0.779402,0.149416,3,0,3,true,1
ReasoningPlayer,-49,5,0.300571,0.127307,0.371308,1,1,0,true,1
ReasoningPlayer,999,5,0.225254,0.427186,0.046883,0,0,0,true,1
ReasoningPlayer,-29386,5,0.094075,0.255233,0.515813,30,30,0,true,1
ReasoningPlayer,-100437,5,0.559739,0.752406,0.717360,99,98,1,false,0
ReasoningPlayer,-6379,5,0.700684,0.505581,0.432504,7,1,6,true,1
ReasoningPlayer,-10359,5,0.537321,0.033865,0.599981,11,4,7,true,1
ReasoningPlayer,965,5,0.619007,0.421846,0.109524,0,0,0,true,1
ReasoningPlayer,-5203,5,0.798233,0.048217,0.387085,6,0,6,true,1
ReasoningPlayer,1000,5,0.364929,0.139985,0.846707,0,0,0,true,1
ReasoningPlayer,-26,5,0.840897,0.572608,0.043438,1,0,1,true,1
ReasoningPlayer,980,5,0.755395,0.430518,0.054705,0,0,0,true,1
ReasoningPlayer,983,5,0.261053,0.271395,0.750843,0,0,0,true,1
ReasoningPlayer,-2187,5,0.448434,0.483116,0.353412,3,2,1,true,1
ReasoningPlayer,-19309,5,0.923613,0.430596,0.881207,20,15,5,true,1
ReasoningPlayer,-7152,5,0.931207,0.004085,0.669524,8,2,6,true,1
ReasoningPlayer,-100838,5,0.720479,0.835610,0.149284,99,96,3,false,0
ReasoningPlayer,-8168,5,0.414386,0.537875,0.922792,9,8,1,true,1
ReasoningPlayer,942,5,0.490752,0.554639,0.282780,0,0,0,true,1
ReasoningPlayer,-15316,5,0.104982,0.694729,0.686540,16,15,1,true,1
ReasoningPlayer,-100358,5,0.247295,0.719561,0.263991,100,100,0,false,0
ReasoningPlayer,-22497,5,0.708950,0.575230,0.169397,23,14,9,true,1
ReasoningPlayer,996,5,0.738126,0.737286,0.632053,0,0,0,true,1
ReasoningPlayer,847,5,0.049565,0.082797,0.672318,0,0,0,true,1
ReasoningPlayer,-100444,5,0.542500,0.039038,0.723581,100,99,1,false,0
ReasoningPlayer,-100259,5,0.589625,0.758145,0.680658,99,98,1,false,0
ReasoningPlayer,-6118,5,0.876297,0.225835,0.604207,7,4,3,true,1
ReasoningPlayer,-6192,5,0.798711,0.053216,0.229445,7,0,7,true,1
ReasoningPlayer,-6134,5,0.372990,0.710604,0.883384,7,5,2,true,1
ReasoningPlayer,-100500,5,0.516787,0.680794,0.577668,100,98,2,false,0
ReasoningPlayer,-60,5,0.675321,0.027876,0.485780,1,0,1,true,1
ReasoningPlayer,962,5,0.209792,0.471608,0.412192,0,0,0,true,1
ReasoningPlayer,-100452,5,0.376207,0.389616,0.697474,99,97,2,false,0
ReasoningPlayer,-9696,5,0.691049,0.481590,0.314194,10,6,4,true,1
ReasoningPlayer,992,5,0.889239,0.741077,0.633785,0,0,0,true,1
ReasoningPlayer,945,5,0.065550,0.403518,0.522421,0,0,0,true,1
ReasoningPlayer,904,5,0.210637,0.116247,0.454400,0,0,0,true,1
ReasoningPlayer,1000,5,0.335633,0.431750,0.752090,0,0,0,true,1
ReasoningPlayer,-1174,5,0.303322,0.032813,0.744116,2,0,2,true,1
ReasoningPlayer,948,5,0.951298,0.935181,0.031427,0,0,0,true,1
ReasoningPlayer,917,5,0.334728,0.697953,0.094229,0,0,0,true,1
ReasoningPlayer,-100351,5,0.183324,0.737997,0.927276,100,100,0,false,0
ReasoningPlayer,-100397,5,0.124636,0.036810,0.967681,100,100,0,false,0
ReasoningPlayer,-1044,5,0.301236,0.663079,0.796276,2,2,0,true,1
ReasoningPlayer,-100356,5,0.596206,0.795245,0.864572,100,99,1,false,0
ReasoningPlayer,888,5,0.331681,0.728684,0.640155,0,0,0,true,1
ReasoningPlayer,-100214,5,0.507737,0.919339,0.874584,99,96,3,false,0
ReasoningPlayer,-4328,5,0.508496,0.022037,0.005769,5,0,5,true,1
ReasoningPlayer,-100000,5,0.306925,0.959900,0.207019,0,0,0,false,0
ReasoningPlayer,999,5,0.178005,0.617042,0.067829,0,0,0,true,1
ReasoningPlayer,1000,5,0.172409,0.696584,0.822360,0,0,0,true,1
ReasoningPlayer,-100781,5,0.838265,0.817927,0.401558,99,97,2,false,0
ReasoningPlayer,1000,5,0.565309,0.500689,0.993003,0,0,0,true,1
ReasoningPlayer,-1074,5,0.537198,0.653405,0.002699,2,0,2,true,1
ReasoningPlayer,-9256,5,0.329090,0.057698,0.433681,10,8,2,true,1
ReasoningPlayer,-100213,5,0.071806,0.621080,0.273998,100,100,0,false,0
ReasoningPlayer,-1218,5,0.269097,0.021451,0.549336,2,1,1,true,1
ReasoningPlayer,1000,5,0.280976,0.690181,0.072999,0,0,0,true,1
ReasoningPlayer,-100541,5,0.480197,0.464595,0.632106,100,98,2,false,0
ReasoningPlayer,-100940,5,0.341447,0.060280,0.530199,100,98,2,false,0
ReasoningPlayer,-2127,5,0.535535,0.789801,0.328770,3,2,1,true,1
ReasoningPlayer,-71,5,0.916011,0.989020,0.395573,1,0,1,true,1
ReasoningPlayer,-180,5,0.111849,0.159955,0.021364,1,0,1,true,1
ReasoningPlayer,-100358,5,0.492551,0.534782,0.773331,100,100,0,false,0
ReasoningPlayer,-100695,5,0.114304,0.751998,0.589645,100,100,0,false,0
ReasoningPlayer,-2211,5,0.441417,0.499012,0.549627,3,3,0,true,1
ReasoningPlayer,-4242,5,0.830529,0.918958,0.324340,5,0,5,true,1
ReasoningPlayer,-100042,5,0.528223,0.433051,0.817593,99,96,3,false,0
ReasoningPlayer,-2272,5,0.840397,0.010461,0.051314,3,0,3,true,1
ReasoningPlayer,-8232,5,0.592628,0.827949,0.542483,9,4,5,true,1
ReasoningPlayer,964,5,0.132991,0.428151,0.122313,0,0,0,true,1
ReasoningPlayer,967,5,0.255999,0.611995,0.392352,0,0,0,true,1
ReasoningPlayer,952,5,0.229815,0.925174,0.188242,0,0,0,true,1
ReasoningPlayer,-100470,5,0.189008,0.715568,0.564263,98,97,1,false,0
ReasoningPlayer,937,5,0.725294,0.066434,0.253200,0,0,0,true,1
ReasoningPlayer,-5143,5,0.162964,0.649215,0.961819,6,6,0,true,1
ReasoningPlayer,1000,5,0.970383,0.688664,0.615770,0,0,0,true,1
ReasoningPlayer,962,5,0.756714,0.998368,0.798230,0,0,0,true,1
ReasoningPlayer,-100328,5,0.128102,0.598521,0.939445,100,99,1,false,0
ReasoningPlayer,-11765,5,0.796737,0.233370,0.603213,12,9,3,true,1
ReasoningPlayer,-100392,5,0.303123,0.256490,0.904300,100,99,1,false,0
ReasoningPlayer,985,5,0.896102,0.830023,0.366932,0,0,0,true,1
ReasoningPlayer,938,5,0.220454,0.870312,0.021858,0,0,0,true,1
ReasoningPlayer,-46604,5,0.524485,0.004016,0.746743,47,43,4,true,1
ReasoningPlayer,935,5,0.126562,0.891144,0.136205,0,0,0,true,1
ReasoningPlayer,-56,5,0.004638,0.289538,0.651557,1,1,0,true,1
ReasoningPlayer,-1087,5,0.382963,0.018483,0.575150,2,1,1,true,1
ReasoningPlayer,-2154,5,0.480614,0.192338,0.284809,3,1,2,true,1
ReasoningPlayer,-93,5,0.087007,0.296992,0.591050,1,1,0,true,1
ReasoningPlayer,-100606,5,0.951579,0.471264,0.722871,100,97,3,false,0
ReasoningPlayer,-50,5,0.003994,0.973188,0.674032,1,1,0,true,1
ReasoningPlayer,-100001,5,0.795977,0.547969,0.105701,6,0,6,false,0
ReasoningPlayer,-1044,5,0.942220,0.387369,0.109750,2,0,2,true,1
ReasoningPlayer,1000,5,0.129814,0.706491,0.466829,0,0,0,true,1
ReasoningPlayer,-7295,5,0.308594,0.143128,0.165703,8,7,1,true,1
ReasoningPlayer,-3102,5,0.827474,0.264634,0.498654,4,3,1,true,1
ReasoningPlayer,-100468,5,0.104115,0.132153,0.947091,100,100,0,false,0
ReasoningPlayer,-2041,5,0.983103,0.715809,0.176454,3,2,1,true,1
ReasoningPlayer,-100147,5,0.760057,0.126340,0.985175,100,100,0,false,0
ReasoningPlayer,-87,5,0.076582,0.938647,0.112491,1,1,0,true,1
ReasoningPlayer,973,5,0.477995,0.685136,0.274565,0,0,0,true,1
ReasoningPlayer,-13189,5,0.623548,0.234545,0.913761,14,14,0,true,1
ReasoningPlayer,965,5,0.667729,0.087912,0.824340,0,0,0,true,1
ReasoningPlayer,-4098,5,0.798881,0.009327,0.229168,5,3,2,true,1
ReasoningPlayer,-34277,5,0.521516,0.085225,0.941769,35,33,2,true,1
ReasoningPlayer,-100211,5,0.514491,0.990533,0.821529,100,100,0,false,0
ReasoningPlayer,985,5,0.112249,0.087426,0.833802,0,0,0,true,1
ReasoningPlayer,-47,5,0.963834,0.639191,0.036393,1,0,1,true,1
ReasoningPlayer,983,5,0.845980,0.263982,0.644640,0,0,0,true,1
ReasoningPlayer,-100457,5,0.398119,0.844112,0.784413,100,100,0,false,0
ReasoningPlayer,-19319,5,0.870685,0.124293,0.498454,20,16,4,true,1
ReasoningPlayer,887,5,0.225074,0.594316,0.350107,0,0,0,true,1
ReasoningPlayer,-100608,5,0.675720,0.874260,0.282624,100,99,1,false,0
ReasoningPlayer,-2140,5,0.694932,0.424679,0.402379,3,1,2,true,1
ReasoningPlayer,-100411,5,0.689066,0.998231,0.883417,100,100,0,false,0
ReasoningPlayer,-43777,5,0.906177,0.381548,0.847933,44,39,5,true,1
ReasoningPlayer,-100000,5,0.068262,0.580623,0.014369,0,0,0,false,0
ReasoningPlayer,964,5,0.493805,0.716275,0.146677,0,0,0,true,1
ReasoningPlayer,977,5,0.008602,0.255011,0.096378,0,0,0,true,1
ReasoningPlayer,-2260,5,0.695357,0.689288,0.328841,3,0,3,true,1
ReasoningPlayer,-100519,5,0.978604,0.922027,0.342852,99,93,6,false,0
ReasoningPlayer,-33447,5,0.986752,0.756612,0.819531,34,28,6,true,1
ReasoningPlayer,971,5,0.104432,0.504166,0.055531,0,0,0,true,1
ReasoningPlayer,962,5,0.774782,0.062371,0.812104,0,0,0,true,1
ReasoningPlayer,-100000,5,0.025367,0.670651,0.475891,1,0,1,false,0
ReasoningPlayer,-11521,5,0.781576,0.919590,0.033463,12,7,5,true,1
ReasoningPlayer,1000,5,0.542010,0.255741,0.489242,0,0,0,true,1
ReasoningPlayer,919,5,0.486146,0.719069,0.430207,0,0,0,true,1
ReasoningPlayer,-1361,5,0.184741,0.768043,0.216754,2,0,2,true,1
ReasoningPlayer,-1053,5,0.948464,0.150795,0.364632,2,0,2,true,1
ReasoningPlayer,-1199,5,0.896297,0.127247,0.524214,2,1,1,true,1
ReasoningPlayer,933,5,0.353887,0.489580,0.055781,0,0,0,true,1
ReasoningPlayer,-60,5,0.600072,0.420700,0.742151,1,1,0,true,1
ReasoningPlayer,-11286,5,0.923172,0.018599,0.116815,12,0,12,true,1
ReasoningPlayer,980,5,0.812706,0.819830,0.243347,0,0,0,true,1
ReasoningPlayer,996,5,0.350905,0.020368,0.431652,0,0,0,true,1
ReasoningPlayer,985,5,0.250570,0.781927,0.821154,0,0,0,true,1
ReasoningPlayer,994,5,0.499804,0.530445,0.258604,0,0,0,true,1
ReasoningPlayer,981,5,0.716280,0.654280,0.212661,0,0,0,true,1
ReasoningPlayer,-4223,5,0.698867,0.647527,0.246028,5,0,5,true,1
ReasoningPlayer,-1075,5,0.372069,0.835303,0.318655,2,1,1,true,1
ReasoningPlayer,999,5,0.100285,0.344502,0.066162,0,0,0,true,1
ReasoningPlayer,-3137,5,0.796898,0.692848,0.188541,4,0,4,true,1
ReasoningPlayer,-100000,5,0.246158,0.694870,0.111389,1,0,1,false,0
ReasoningPlayer,-2249,5,0.265910,0.627312,0.210736,3,0,3,true,1
ReasoningPlayer,921,5,0.305488,0.281351,0.317304,0,0,0,true,1
ReasoningPlayer,990,5,0.313308,0.551949,0.022251,0,0,0,true,1
ReasoningPlayer,-76,5,0.561262,0.398752,0.766026,1,0,1,true,1
ReasoningPlayer,999,5,0.468935,0.872656,0.816888,0,0,0,true,1
ReasoningPlayer,-100000,5,0.274565,0.908482,0.539945,1,0,1,false,0
ReasoningPlayer,962,5,0.767595,0.933660,0.178069,0,0,0,true,1
ReasoningPlayer,996,5,0.317838,0.201644,0.021278,0,0,0,true,1
ReasoningPlayer,-9278,5,0.188258,0.175520,0.525284,10,9,1,true,1
ReasoningPlayer,-13280,5,0.164396,0.432313,0.818906,14,11,3,true,1
ReasoningPlayer,986,5,0.104243,0.670554,0.274549,0,0,0,true,1
ReasoningPlayer,-199,5,0.329984,0.790294,0.025342,1,0,1,true,1
ReasoningPlayer,-2022,5,0.428878,0.673509,0.952366,3,1,2,true,1
ReasoningPlayer,-1186,5,0.990164,0.188124,0.009805,2,0,2,true,1
ReasoningPlayer,1000,5,0.784201,0.688740,0.645350,0,0,0,true,1
ReasoningPlayer,-100001,5,0.722153,0.981840,0.306163,2,0,2,false,0
ReasoningPlayer,-1275,5,0.360357,0.818225,0.236786,2,0,2,true,1
ReasoningPlayer,-6157,5,0.540910,0.667666,0.897222,7,5,2,true,1
ReasoningPlayer,-100000,5,0.374444,0.748087,0.096726,0,0,0,false,0
ReasoningPlayer,-2373,5,0.187912,0.382515,0.791251,3,3,0,true,1
ReasoningPlayer,986,5,0.180740,0.257408,0.020284,0,0,0,true,1
ReasoningPlayer,-2046,5,0.980546,0.267423,0.866590,3,1,2,true,1
ReasoningPlayer,958,5,0.177288,0.116459,0.813164,0,0,0,true,1
ReasoningPlayer,-51,5,0.105215,0.658647,0.581361,1,1,0,true,1
ReasoningPlayer,1000,5,0.041491,0.378322,0.614371,0,0,0,true,1
ReasoningPlayer,-1146,5,0.625121,0.777378,0.035182,2,0,2,true,1
ReasoningPlayer,-1067,5,0.401243,0.476398,0.730879,2,1,1,true,1
ReasoningPlayer,-1022,5,0.433095,0.268426,0.677841,2,0,2,true,1
ReasoningPlayer,-15098,5,0.496710,0.010496,0.891734,16,15,1,true,1
ReasoningPlayer,965,5,0.091273,0.060827,0.507366,0,0,0,true,1
ReasoningPlayer,-1077,5,0.446521,0.348041,0.660711,2,2,0,true,1
ReasoningPlayer,-100001,5,0.815631,0.605467,0.130052,4,0,4,false,0
ReasoningPlayer,-1063,5,0.432989,0.068219,0.575051,2,2,0,true,1
ReasoningPlayer,-3184,5,0.558622,0.400169,0.482691,4,1,3,true,1
ReasoningPlayer,1000,5,0.043303,0.141139,0.997702,0,0,0,true,1
ReasoningPlayer,-235,5,0.163799,0.701463,0.179603,1,1,0,true,1
ReasoningPlayer,-100530,5,0.523229,0.539099,0.823464,100,99,1,false,0
ReasoningPlayer,990,5,0.280483,0.601802,0.352674,0,0,0,true,1
ReasoningPlayer,863,5,0.239695,0.621935,0.004010,0,0,0,true,1
ReasoningPlayer,-100000,5,0.174292,0.925291,0.932263,0,0,0,false,0
ReasoningPlayer,-12118,5,0.928392,0.194775,0.338233,13,8,5,true,1
ReasoningPlayer,-10435,5,0.712610,0.165129,0.673079,11,5,6,true,1
ReasoningPlayer,-7222,5,0.588829,0.097224,0.394979,8,6,2,true,1
ReasoningPlayer,-22434,5,0.776588,0.499697,0.886245,23,15,8,true,1
