Player Type,Total Score,World Size,Wumpus Probability,Obstacle Probability,Pit Probability,Total Deaths,Pit Deaths,Wumpus Deaths,Have gold,Have gold int,WumpusKilled,RoomsExplored
ReasoningPlayer,-3383,10,0.300000,0.300000,0.300000,4,4,0,true,1,0,40
ReasoningPlayer,-222,10,0.300000,0.300000,0.300000,1,0,1,true,1,1,28
ReasoningPlayer,-3526,10,0.300000,0.300000,0.300000,4,4,0,true,1,0,59
ReasoningPlayer,983,10,0.300000,0.300000,0.300000,0,0,0,true,1,0,2
ReasoningPlayer,576,10,0.300000,0.300000,0.300000,0,0,0,true,1,0,45
ReasoningPlayer,-321,10,0.300000,0.300000,0.300000,1,1,0,true,1,0,38
ReasoningPlayer,-9919,10,0.300000,0.300000,0.300000,10,7,3,true,1,3,91
ReasoningPlayer,-16890,10,0.300000,0.300000,0.300000,17,12,5,true,1,5,51
ReasoningPlayer,-260,10,0.300000,0.300000,0.300000,1,0,1,true,1,1,37
ReasoningPlayer,1000,10,0.300000,0.300000,0.300000,0,0,0,true,1,0,0
ReasoningPlayer,977,10,0.300000,0.300000,0.300000,0,0,0,true,1,0,7
ReasoningPlayer,-26337,10,0.300000,0.300000,0.300000,26,24,2,true,1,2,91
ReasoningPlayer,865,10,0.300000,0.300000,0.300000,0,0,0,true,1,0,21
ReasoningPlayer,-9702,10,0.300000,0.300000,0.300000,10,8,2,true,1,2,55
ReasoningPlayer,-4812,10,0.300000,0.300000,0.300000,5,5,0,true,1,0,85
ReasoningPlayer,839,10,0.300000,0.300000,0.300000,0,0,0,true,1,0,25
ReasoningPlayer,-25235,10,0.300000,0.300000,0.300000,25,19,6,true,1,6,79
ReasoningPlayer,-6815,10,0.300000,0.300000,0.300000,7,1,6,true,1,6,77
ReasoningPlayer,-6737,10,0.300000,0.300000,0.300000,7,7,0,true,1,0,89
ReasoningPlayer,937,10,0.300000,0.300000,0.300000,0,0,0,true,1,0,4
ReasoningPlayer,-4786,10,0.300000,0.300000,0.300000,5,4,1,true,1,1,83
ReasoningPlayer,976,10,0.300000,0.300000,0.300000,0,0,0,true,1,0,7
ReasoningPlayer,-4225,10,0.300000,0.300000,0.300000,5,4,1,true,1,1,19
ReasoningPlayer,-3586,10,0.300000,0.300000,0.300000,4,3,1,true,1,1,63
ReasoningPlayer,-217,10,0.300000,0.300000,0.300000,1,0,1,true,1,1,30
ReasoningPlayer,730,10,0.300000,0.300000,0.300000,0,0,0,true,1,0,39
ReasoningPlayer,-5806,10,0.300000,0.300000,0.300000,6,4,2,true,1,2,69
ReasoningPlayer,925,10,0.300000,0.300000,0.300000,0,0,0,true,1,0,23
ReasoningPlayer,-78881,10,0.300000,0.300000,0.300000,78,76,2,true,1,2,75
ReasoningPlayer,466,10,0.300000,0.300000,0.300000,0,0,0,true,1,0,61
ReasoningPlayer,-24450,10,0.300000,0.300000,0.300000,24,19,5,true,1,5,87
ReasoningPlayer,-1321,10,0.300000,0.300000,0.300000,2,1,1,true,1,1,32
ReasoningPlayer,812,10,0.300000,0.300000,0.300000,0,0,0,true,1,0,33
ReasoningPlayer,-1271,10,0.300000,0.300000,0.300000,2,0,2,true,1,3,46
ReasoningPlayer,-19534,10,0.300000,0.300000,0.300000,20,18,2,true,1,2,38
ReasoningPlayer,928,10,0.300000,0.300000,0.300000,0,0,0,true,1,0,17
ReasoningPlayer,668,10,0.300000,0.300000,0.300000,0,0,0,true,1,0,61
ReasoningPlayer,830,10,0.300000,0.300000,0.300000,0,0,0,true,1,0,28
ReasoningPlayer,-5432,10,0.300000,0.300000,0.300000,6,3,3,true,1,3,51
ReasoningPlayer,-3172,10,0.300000,0.300000,0.300000,4,1,3,true,1,3,16
ReasoningPlayer,-117,10,0.300000,0.300000,0.300000,1,0,1,true,1,1,11
ReasoningPlayer,853,10,0.300000,0.300000,0.300000,0,0,0,true,1,0,26
ReasoningPlayer,-100000,10,0.300000,0.300000,0.300000,97,87,10,false,0,10,99
ReasoningPlayer,888,10,0.300000,0.300000,0.300000,0,0,0,true,1,0,18
ReasoningPlayer,-1125,10,0.300000,0.300000,0.300000,2,1,1,true,1,1,13
ReasoningPlayer,-8721,10,0.300000,0.300000,0.300000,9,6,3,true,1,3,52
ReasoningPlayer,-34691,10,0.300000,0.300000,0.300000,34,30,4,true,1,4,91
ReasoningPlayer,610,10,0.300000,0.300000,0.300000,0,0,0,true,1,0,42
ReasoningPlayer,-4649,10,0.300000,0.300000,0.300000,5,1,4,true,1,4,59
ReasoningPlayer,-7546,10,0.300000,0.300000,0.300000,8,3,5,true,1,5,50
ReasoningPlayer,-6863,10,0.300000,0.300000,0.300000,7,3,4,true,1,4,68
ReasoningPlayer,778,10,0.300000,0.300000,0.300000,0,0,0,true,1,0,22
ReasoningPlayer,964,10,0.300000,0.300000,0.300000,0,0,0,true,1,0,14
ReasoningPlayer,999,10,0.300000,0.300000,0.300000,0,0,0,true,1,0,1
ReasoningPlayer,-1300,10,0.300000,0.300000,0.300000,2,0,2,true,1,2,28
ReasoningPlayer,-17838,10,0.300000,0.300000,0.300000,18,15,3,true,1,3,83
ReasoningPlayer,-8510,10,0.300000,0.300000,0.300000,9,5,4,true,1,4,33
ReasoningPlayer,-5945,10,0.300000,0.300000,0.300000,6,4,2,true,1,2,82
ReasoningPlayer,-5387,10,0.300000,0.300000,0.300000,6,5,1,true,1,1,35
ReasoningPlayer,-31051,10,0.300000,0.300000,0.300000,30,23,7,true,1,7,95
ReasoningPlayer,-3128,10,0.300000,0.300000,0.300000,4,2,2,true,1,2,12
ReasoningPlayer,-11069,10,0.300000,0.300000,0.300000,11,4,7,true,1,7,77
ReasoningPlayer,-15265,10,0.300000,0.300000,0.300000,15,6,9,true,1,9,85
ReasoningPlayer,-65072,10,0.300000,0.300000,0.300000,64,56,8,true,1,8,87
ReasoningPlayer,1000,10,0.300000,0.300000,0.300000,0,0,0,true,1,0,0
ReasoningPlayer,-14180,10,0.300000,0.300000,0.300000,14,10,4,true,1,4,76
ReasoningPlayer,637,10,0.300000,0.300000,0.300000,0,0,0,true,1,0,71
ReasoningPlayer,-1443,10,0.300000,0.300000,0.300000,2,1,1,true,1,1,48
ReasoningPlayer,-71944,10,0.300000,0.300000,0.300000,70,65,5,true,1,5,96
ReasoningPlayer,671,10,0.300000,0.300000,0.300000,0,0,0,true,1,0,52
ReasoningPlayer,899,10,0.300000,0.300000,0.300000,0,0,0,true,1,0,11
ReasoningPlayer,-37371,10,0.300000,0.300000,0.300000,37,29,8,true,1,10,80
ReasoningPlayer,-20603,10,0.300000,0.300000,0.300000,20,16,4,true,1,4,96
ReasoningPlayer,-12639,10,0.300000,0.300000,0.300000,13,11,2,true,1,2,50
ReasoningPlayer,997,10,0.300000,0.300000,0.300000,0,0,0,true,1,0,3
ReasoningPlayer,964,10,0.300000,0.300000,0.300000,0,0,0,true,1,0,5
ReasoningPlayer,-1668,10,0.300000,0.300000,0.300000,2,1,1,true,1,1,60
ReasoningPlayer,955,10,0.300000,0.300000,0.300000,0,0,0,true,1,0,17
ReasoningPlayer,889,10,0.300000,0.300000,0.300000,0,0,0,true,1,0,30
ReasoningPlayer,-2239,10,0.300000,0.300000,0.300000,3,3,0,true,1,0,29
ReasoningPlayer,-100999,10,0.300000,0.300000,0.300000,97,94,3,false,0,3,98
ReasoningPlayer,-4436,10,0.300000,0.300000,0.300000,5,5,0,true,1,0,53
ReasoningPlayer,-100182,10,0.300000,0.300000,0.300000,97,96,1,false,0,1,96
ReasoningPlayer,-1340,10,0.300000,0.300000,0.300000,2,2,0,true,1,0,38
ReasoningPlayer,-11072,10,0.300000,0.300000,0.300000,11,6,5,true,1,6,82
ReasoningPlayer,-394,10,0.300000,0.300000,0.300000,1,1,0,true,1,0,57
ReasoningPlayer,570,10,0.300000,0.300000,0.300000,0,0,0,true,1,0,56
ReasoningPlayer,786,10,0.300000,0.300000,0.300000,0,0,0,true,1,0,32
ReasoningPlayer,-491,10,0.300000,0.300000,0.300000,1,0,1,true,1,1,37
ReasoningPlayer,-23231,10,0.300000,0.300000,0.300000,23,15,8,true,1,9,80
ReasoningPlayer,-29425,10,0.300000,0.300000,0.300000,29,22,7,true,1,7,70
ReasoningPlayer,-21512,10,0.300000,0.300000,0.300000,21,17,4,true,1,4,81
ReasoningPlayer,-5724,10,0.300000,0.300000,0.300000,6,3,3,true,1,3,69
ReasoningPlayer,-10435,10,0.300000,0.300000,0.300000,11,9,2,true,1,2,32
ReasoningPlayer,682,10,0.300000,0.300000,0.300000,0,0,0,true,1,0,44
ReasoningPlayer,406,10,0.300000,0.300000,0.300000,0,0,0,true,1,0,60
ReasoningPlayer,284,10,0.300000,0.300000,0.300000,0,0,0,true,1,0,68
ReasoningPlayer,-4503,10,0.300000,0.300000,0.300000,5,4,1,true,1,1,47
ReasoningPlayer,997,10,0.300000,0.300000,0.300000,0,0,0,true,1,0,3
ReasoningPlayer,-6112,10,0.300000,0.300000,0.300000,7,5,2,true,1,2,12
ReasoningPlayer,938,10,0.300000,0.300000,0.300000,0,0,0,true,1,0,9
ReasoningPlayer,-263,10,0.300000,0.300000,0.300000,1,0,1,true,1,1,25
ReasoningPlayer,-243,10,0.300000,0.300000,0.300000,1,1,0,true,1,0,29
ReasoningPlayer,786,10,0.300000,0.300000,0.300000,0,0,0,true,1,0,37
ReasoningPlayer,-86726,10,0.300000,0.300000,0.300000,86,82,4,true,1,4,82
ReasoningPlayer,-16,10,0.300000,0.300000,0.300000,1,1,0,true,1,0,2
ReasoningPlayer,536,10,0.300000,0.300000,0.300000,0,0,0,true,1,0,56
ReasoningPlayer,-571,10,0.300000,0.300000,0.300000,1,0,1,true,1,1,62
ReasoningPlayer,-3361,10,0.300000,0.300000,0.300000,4,1,3,true,1,3,24
ReasoningPlayer,-33243,10,0.300000,0.300000,0.300000,32,19,13,true,1,13,89
ReasoningPlayer,-23168,10,0.300000,0.300000,0.300000,23,20,3,true,1,3,76
ReasoningPlayer,-2179,10,0.300000,0.300000,0.300000,3,2,1,true,1,1,14
ReasoningPlayer,811,10,0.300000,0.300000,0.300000,0,0,0,true,1,0,25
ReasoningPlayer,883,10,0.300000,0.300000,0.300000,0,0,0,true,1,0,11
ReasoningPlayer,-519,10,0.300000,0.300000,0.300000,1,0,1,true,1,1,56
ReasoningPlayer,-107,10,0.300000,0.300000,0.300000,1,0,1,true,1,1,42
ReasoningPlayer,-3627,10,0.300000,0.300000,0.300000,4,1,3,true,1,3,63
ReasoningPlayer,-3306,10,0.300000,0.300000,0.300000,4,2,2,true,1,2,39
ReasoningPlayer,-100085,10,0.300000,0.300000,0.300000,97,93,4,false,0,4,98
ReasoningPlayer,-16341,10,0.300000,0.300000,0.300000,16,9,7,true,1,7,99
ReasoningPlayer,-327,10,0.300000,0.300000,0.300000,1,0,1,true,1,1,47
ReasoningPlayer,721,10,0.300000,0.300000,0.300000,0,0,0,true,1,0,36
ReasoningPlayer,-6992,10,0.300000,0.300000,0.300000,7,5,2,true,1,2,80
ReasoningPlayer,-15019,10,0.300000,0.300000,0.300000,15,13,2,true,1,2,85
ReasoningPlayer,-475,10,0.300000,0.300000,0.300000,1,0,1,true,1,1,56
ReasoningPlayer,-245,10,0.300000,0.300000,0.300000,1,0,1,true,1,1,39
ReasoningPlayer,558,10,0.300000,0.300000,0.300000,0,0,0,true,1,0,54
ReasoningPlayer,-45727,10,0.300000,0.300000,0.300000,45,37,8,true,1,8,83
ReasoningPlayer,-30,10,0.300000,0.300000,0.300000,1,0,1,true,1,1,10
ReasoningPlayer,-151,10,0.300000,0.300000,0.300000,1,0,1,true,1,1,21
ReasoningPlayer,-7470,10,0.300000,0.300000,0.300000,8,5,3,true,1,3,30
ReasoningPlayer,-80,10,0.300000,0.300000,0.300000,1,0,1,true,1,1,10
ReasoningPlayer,784,10,0.300000,0.300000,0.300000,0,0,0,true,1,0,39
ReasoningPlayer,-77493,10,0.300000,0.300000,0.300000,76,68,8,true,1,8,85
ReasoningPlayer,982,10,0.300000,0.300000,0.300000,0,0,0,true,1,0,3
ReasoningPlayer,-3850,10,0.300000,0.300000,0.300000,4,1,3,true,1,3,77
ReasoningPlayer,-3354,10,0.300000,0.300000,0.300000,4,2,2,true,1,2,28
ReasoningPlayer,-591,10,0.300000,0.300000,0.300000,1,1,0,true,1,0,62
ReasoningPlayer,993,10,0.300000,0.300000,0.300000,0,0,0,true,1,0,5
ReasoningPlayer,-10694,10,0.300000,0.300000,0.300000,11,9,2,true,1,2,58
ReasoningPlayer,-18603,10,0.300000,0.300000,0.300000,19,17,2,true,1,2,46
ReasoningPlayer,-20446,10,0.300000,0.300000,0.300000,20,12,8,true,1,8,90
ReasoningPlayer,-7685,10,0.300000,0.300000,0.300000,8,6,2,true,1,2,69
ReasoningPlayer,-10904,10,0.300000,0.300000,0.300000,11,6,5,true,1,5,56
ReasoningPlayer,828,10,0.300000,0.300000,0.300000,0,0,0,true,1,0,25
ReasoningPlayer,-33425,10,0.300000,0.300000,0.300000,33,29,4,true,1,4,82
ReasoningPlayer,637,10,0.300000,0.300000,0.300000,0,0,0,true,1,0,43
ReasoningPlayer,-20481,10,0.300000,0.300000,0.300000,20,15,5,true,1,6,94
ReasoningPlayer,934,10,0.300000,0.300000,0.300000,0,0,0,true,1,0,18
ReasoningPlayer,999,10,0.300000,0.300000,0.300000,0,0,0,true,1,0,1
ReasoningPlayer,991,10,0.300000,0.300000,0.300000,0,0,0,true,1,0,6
ReasoningPlayer,-24324,10,0.300000,0.300000,0.300000,24,19,5,true,1,5,92
ReasoningPlayer,885,10,0.300000,0.300000,0.300000,0,0,0,true,1,0,21
ReasoningPlayer,-11662,10,0.300000,0.300000,0.300000,12,8,4,true,1,4,51
ReasoningPlayer,-1166,10,0.300000,0.300000,0.300000,2,1,1,true,1,1,12
ReasoningPlayer,-13043,10,0.300000,0.300000,0.300000,13,6,7,true,1,7,73
ReasoningPlayer,955,10,0.300000,0.300000,0.300000,0,0,0,true,1,0,9
ReasoningPlayer,924,10,0.300000,0.300000,0.300000,0,0,0,true,1,0,21
ReasoningPlayer,-95910,10,0.300000,0.300000,0.300000,95,92,3,true,1,3,60
ReasoningPlayer,-3704,10,0.300000,0.300000,0.300000,4,3,1,true,1,1,42
ReasoningPlayer,928,10,0.300000,0.300000,0.300000,0,0,0,true,1,0,11
ReasoningPlayer,398,10,0.300000,0.300000,0.300000,0,0,0,true,1,0,61
ReasoningPlayer,912,10,0.300000,0.300000,0.300000,0,0,0,true,1,0,20
ReasoningPlayer,-4706,10,0.300000,0.300000,0.300000,5,3,2,true,1,2,64
ReasoningPlayer,-1355,10,0.300000,0.300000,0.300000,2,0,2,true,1,2,36
ReasoningPlayer,-5640,10,0.300000,0.300000,0.300000,6,2,4,true,1,5,57
ReasoningPlayer,-13682,10,0.300000,0.300000,0.300000,14,8,6,true,1,6,56
ReasoningPlayer,-22173,10,0.300000,0.300000,0.300000,22,16,6,true,1,6,84
ReasoningPlayer,-8364,10,0.300000,0.300000,0.300000,9,4,5,true,1,5,40
ReasoningPlayer,-12314,10,0.300000,0.300000,0.300000,12,10,2,true,1,2,65
ReasoningPlayer,-2491,10,0.300000,0.300000,0.300000,3,3,0,true,1,0,65
ReasoningPlayer,-2144,10,0.300000,0.300000,0.300000,3,2,1,true,1,1,12
ReasoningPlayer,-58258,10,0.300000,0.300000,0.300000,57,52,5,true,1,5,93
ReasoningPlayer,-6583,10,0.300000,0.300000,0.300000,7,4,3,true,1,3,34
ReasoningPlayer,372,10,0.300000,0.300000,0.300000,0,0,0,true,1,0,72
ReasoningPlayer,-633,10,0.300000,0.300000,0.300000,1,0,1,true,1,1,75
ReasoningPlayer,-8466,10,0.300000,0.300000,0.300000,9,9,0,true,1,0,51
ReasoningPlayer,-38692,10,0.300000,0.300000,0.300000,38,30,8,true,1,8,91
ReasoningPlayer,999,10,0.300000,0.300000,0.300000,0,0,0,true,1,0,1
ReasoningPlayer,736,10,0.300000,0.300000,0.300000,0,0,0,true,1,0,48
ReasoningPlayer,-3712,10,0.300000,0.300000,0.300000,4,2,2,true,1,2,73
ReasoningPlayer,-2135,10,0.300000,0.300000,0.300000,3,2,1,true,1,1,23
ReasoningPlayer,-1459,10,0.300000,0.300000,0.300000,2,0,2,true,1,2,68
ReasoningPlayer,850,10,0.300000,0.300000,0.300000,0,0,0,true,1,0,30
ReasoningPlayer,-4772,10,0.300000,0.300000,0.300000,5,0,5,true,1,5,55
ReasoningPlayer,-19078,10,0.300000,0.300000,0.300000,19,16,3,true,1,3,64
ReasoningPlayer,-2502,10,0.300000,0.300000,0.300000,3,2,1,true,1,1,50
ReasoningPlayer,766,10,0.300000,0.300000,0.300000,0,0,0,true,1,0,49
ReasoningPlayer,-1388,10,0.300000,0.300000,0.300000,2,1,1,true,1,1,33
ReasoningPlayer,545,10,0.300000,0.300000,0.300000,0,0,0,true,1,0,50
ReasoningPlayer,-3376,10,0.300000,0.300000,0.300000,4,0,4,true,1,4,49
ReasoningPlayer,-14134,10,0.300000,0.300000,0.300000,14,10,4,true,1,4,72
ReasoningPlayer,-811,10,0.300000,0.300000,0.300000,1,1,0,true,1,0,79
ReasoningPlayer,493,10,0.300000,0.300000,0.300000,0,0,0,true,1,0,47
ReasoningPlayer,-1563,10,0.300000,0.300000,0.300000,2,0,2,true,1,2,61
ReasoningPlayer,-5062,10,0.300000,0.300000,0.300000,5,1,4,true,1,4,69
ReasoningPlayer,864,10,0.300000,0.300000,0.300000,0,0,0,true,1,0,21
ReasoningPlayer,-10620,10,0.300000,0.300000,0.300000,11,8,3,true,1,3,54
ReasoningPlayer,814,10,0.300000,0.300000,0.300000,0,0,0,true,1,0,23
ReasoningPlayer,-3489,10,0.300000,0.300000,0.300000,4,2,2,true,1,2,47
ReasoningPlayer,-5796,10,0.300000,0.300000,0.300000,6,2,4,true,1,4,69
ReasoningPlayer,-311,10,0.300000,0.300000,0.300000,1,0,1,true,1,1,40
ReasoningPlayer,-366,10,0.300000,0.300000,0.300000,1,1,0,true,1,0,48
ReasoningPlayer,-8566,10,0.300000,0.300000,0.300000,9,8,1,true,1,1,46
ReasoningPlayer,-37106,10,0.300000,0.300000,0.300000,37,31,6,true,1,6,39
ReasoningPlayer,-2476,10,0.300000,0.300000,0.300000,3,0,3,true,1,3,47
ReasoningPlayer,1000,10,0.300000,0.300000,0.300000,0,0,0,true,1,0,0
ReasoningPlayer,-5668,10,0.300000,0.300000,0.300000,6,3,3,true,1,3,62
ReasoningPlayer,947,10,0.300000,0.300000,0.300000,0,0,0,true,1,0,7
ReasoningPlayer,980,10,0.300000,0.300000,0.300000,0,0,0,true,1,0,5
ReasoningPlayer,966,10,0.300000,0.300000,0.300000,0,0,0,true,1,0,14
ReasoningPlayer,-5467,10,0.300000,0.300000,0.300000,6,2,4,true,1,4,38
ReasoningPlayer,-2592,10,0.300000,0.300000,0.300000,3,2,1,true,1,1,64
ReasoningPlayer,792,10,0.300000,0.300000,0.300000,0,0,0,true,1,0,23
ReasoningPlayer,-12253,10,0.300000,0.300000,0.300000,12,8,4,true,1,4,81
ReasoningPlayer,-10808,10,0.300000,0.300000,0.300000,11,6,5,true,1,5,57
ReasoningPlayer,-6305,10,0.300000,0.300000,0.300000,7,3,4,true,1,4,27
ReasoningPlayer,744,10,0.300000,0.300000,0.300000,0,0,0,true,1,0,30
ReasoningPlayer,-2163,10,0.300000,0.300000,0.300000,3,1,2,true,1,2,16
ReasoningPlayer,-10575,10,0.300000,0.300000,0.300000,11,10,1,true,1,1,47
ReasoningPlayer,-126,10,0.300000,0.300000,0.300000,1,1,0,true,1,0,20
ReasoningPlayer,-23251,10,0.300000,0.300000,0.300000,23,17,6,true,1,7,76
ReasoningPlayer,780,10,0.300000,0.300000,0.300000,0,0,0,true,1,0,32
ReasoningPlayer,861,10,0.300000,0.300000,0.300000,0,0,0,true,1,0,30
ReasoningPlayer,812,10,0.300000,0.300000,0.300000,0,0,0,true,1,0,35
ReasoningPlayer,-5300,10,0.300000,0.300000,0.300000,6,4,2,true,1,2,22
ReasoningPlayer,-1289,10,0.300000,0.300000,0.300000,2,1,1,true,1,1,32
ReasoningPlayer,-61,10,0.300000,0.300000,0.300000,1,1,0,true,1,0,13
ReasoningPlayer,214,10,0.300000,0.300000,0.300000,0,0,0,true,1,0,92
ReasoningPlayer,-469,10,0.300000,0.300000,0.300000,1,0,1,true,1,1,54
ReasoningPlayer,564,10,0.300000,0.300000,0.300000,0,0,0,true,1,0,63
ReasoningPlayer,-2581,10,0.300000,0.300000,0.300000,3,1,2,true,1,2,54
ReasoningPlayer,901,10,0.300000,0.300000,0.300000,0,0,0,true,1,0,19
ReasoningPlayer,-9429,10,0.300000,0.300000,0.300000,9,2,7,true,1,7,89
ReasoningPlayer,908,10,0.300000,0.300000,0.300000,0,0,0,true,1,0,23
ReasoningPlayer,-30422,10,0.300000,0.300000,0.300000,30,23,7,true,1,8,81
ReasoningPlayer,-829,10,0.300000,0.300000,0.300000,1,0,1,true,1,1,86
ReasoningPlayer,-6744,10,0.300000,0.300000,0.300000,7,4,3,true,1,3,69
ReasoningPlayer,-20799,10,0.300000,0.300000,0.300000,21,18,3,true,1,3,53
ReasoningPlayer,-8495,10,0.300000,0.300000,0.300000,9,5,4,true,1,4,40
ReasoningPlayer,-2295,10,0.300000,0.300000,0.300000,3,3,0,true,1,0,25
ReasoningPlayer,300,10,0.300000,0.300000,0.300000,0,0,0,true,1,0,83
ReasoningPlayer,-1143,10,0.300000,0.300000,0.300000,2,0,2,true,1,2,22
ReasoningPlayer,1000,10,0.300000,0.300000,0.300000,0,0,0,true,1,0,0
ReasoningPlayer,-65955,10,0.300000,0.300000,0.300000,65,57,8,true,1,8,80
ReasoningPlayer,-392,10,0.300000,0.300000,0.300000,1,0,1,true,1,1,43
ReasoningPlayer,-26485,10,0.300000,0.300000,0.300000,26,21,5,true,1,5,79
ReasoningPlayer,-6571,10,0.300000,0.300000,0.300000,7,3,4,true,1,4,42
ReasoningPlayer,-4596,10,0.300000,0.300000,0.300000,5,1,4,true,1,4,69
ReasoningPlayer,535,10,0.300000,0.300000,0.300000,0,0,0,true,1,0,58
ReasoningPlayer,579,10,0.300000,0.300000,0.300000,0,0,0,true,1,0,55
ReasoningPlayer,-26102,10,0.300000,0.300000,0.300000,26,22,4,true,1,4,63
ReasoningPlayer,665,10,0.300000,0.300000,0.300000,0,0,0,true,1,0,36
ReasoningPlayer,-11719,10,0.300000,0.300000,0.300000,12,7,5,true,1,5,51
ReasoningPlayer,-3332,10,0.300000,0.300000,0.300000,4,4,0,true,1,0,32
ReasoningPlayer,-3573,10,0.300000,0.300000,0.300000,4,3,1,true,1,1,48
ReasoningPlayer,-17413,10,0.300000,0.300000,0.300000,17,7,10,true,1,11,91
ReasoningPlayer,-7992,10,0.300000,0.300000,0.300000,8,5,3,true,1,3,61
ReasoningPlayer,-4685,10,0.300000,0.300000,0.300000,5,3,2,true,1,2,64
ReasoningPlayer,942,10,0.300000,0.300000,0.300000,0,0,0,true,1,0,10
ReasoningPlayer,-9422,10,0.300000,0.300000,0.300000,10,8,2,true,1,2,28
ReasoningPlayer,-247,10,0.300000,0.300000,0.300000,1,0,1,true,1,1,44
ReasoningPlayer,-41716,10,0.300000,0.300000,0.300000,41,32,9,true,1,9,93
ReasoningPlayer,-6919,10,0.300000,0.300000,0.300000,7,4,3,true,1,3,80
ReasoningPlayer,739,10,0.300000,0.300000,0.300000,0,0,0,true,1,0,31
ReasoningPlayer,697,10,0.300000,0.300000,0.300000,0,0,0,true,1,0,49
ReasoningPlayer,941,10,0.300000,0.300000,0.300000,0,0,0,true,1,0,10
ReasoningPlayer,-365,10,0.300000,0.300000,0.300000,1,1,0,true,1,0,44
ReasoningPlayer,-1173,10,0.300000,0.300000,0.300000,2,0,2,true,1,2,16
ReasoningPlayer,-1194,10,0.300000,0.300000,0.300000,2,1,1,true,1,1,14
ReasoningPlayer,-4535,10,0.300000,0.300000,0.300000,5,3,2,true,1,2,64
ReasoningPlayer,698,10,0.300000,0.300000,0.300000,0,0,0,true,1,0,36
ReasoningPlayer,978,10,0.300000,0.300000,0.300000,0,0,0,true,1,0,6
ReasoningPlayer,-11713,10,0.300000,0.300000,0.300000,12,10,2,true,1,2,60
ReasoningPlayer,581,10,0.300000,0.300000,0.300000,0,0,0,true,1,0,48
ReasoningPlayer,-4843,10,0.300000,0.300000,0.300000,5,4,1,true,1,1,63
ReasoningPlayer,-17970,10,0.300000,0.300000,0.300000,18,14,4,true,1,4,53
ReasoningPlayer,1000,10,0.300000,0.300000,0.300000,0,0,0,true,1,0,0
ReasoningPlayer,-21519,10,0.300000,0.300000,0.300000,21,14,7,true,1,7,91
ReasoningPlayer,830,10,0.300000,0.300000,0.300000,0,0,0,true,1,0,20
ReasoningPlayer,-141,10,0.300000,0.300000,0.300000,1,0,1,true,1,1,20
ReasoningPlayer,806,10,0.300000,0.300000,0.300000,0,0,0,true,1,0,17
ReasoningPlayer,-5578,10,0.300000,0.300000,0.300000,6,4,2,true,1,2,51
ReasoningPlayer,794,10,0.300000,0.300000,0.300000,0,0,0,true,1,0,17
ReasoningPlayer,-57983,10,0.300000,0.300000,0.300000,57,52,5,true,1,5,94
ReasoningPlayer,-9316,10,0.300000,0.300000,0.300000,9,2,7,true,1,7,80
ReasoningPlayer,826,10,0.300000,0.300000,0.300000,0,0,0,true,1,0,23
ReasoningPlayer,1000,10,0.300000,0.300000,0.300000,0,0,0,true,1,0,0
ReasoningPlayer,-2052,10,0.300000,0.300000,0.300000,3,0,3,true,1,3,5
ReasoningPlayer,-3287,10,0.300000,0.300000,0.300000,4,3,1,true,1,1,33
ReasoningPlayer,767,10,0.300000,0.300000,0.300000,0,0,0,true,1,0,37
ReasoningPlayer,-96,10,0.300000,0.300000,0.300000,1,0,1,true,1,1,7
ReasoningPlayer,-2625,10,0.300000,0.300000,0.300000,3,2,1,true,1,1,49
ReasoningPlayer,-47287,10,0.300000,0.300000,0.300000,46,39,7,true,1,7,95
ReasoningPlayer,-100477,10,0.300000,0.300000,0.300000,98,95,3,false,0,3,71
ReasoningPlayer,-11601,10,0.300000,0.300000,0.300000,12,11,1,true,1,1,48
ReasoningPlayer,-8485,10,0.300000,0.300000,0.300000,9,1,8,true,1,8,41
ReasoningPlayer,-8535,10,0.300000,0.300000,0.300000,9,7,2,true,1,2,53
ReasoningPlayer,979,10,0.300000,0.300000,0.300000,0,0,0,true,1,0,4
ReasoningPlayer,818,10,0.300000,0.300000,0.300000,0,0,0,true,1,0,22
ReasoningPlayer,-10046,10,0.300000,0.300000,0.300000,10,6,4,true,1,4,76
ReasoningPlayer,-14358,10,0.300000,0.300000,0.300000,14,8,6,true,1,7,85
ReasoningPlayer,-1249,10,0.300000,0.300000,0.300000,2,0,2,true,1,2,30
ReasoningPlayer,-15514,10,0.300000,0.300000,0.300000,15,10,5,true,1,5,91
ReasoningPlayer,-4178,10,0.300000,0.300000,0.300000,5,3,2,true,1,2,18
ReasoningPlayer,-6414,10,0.300000,0.300000,0.300000,7,6,1,true,1,1,36
ReasoningPlayer,-1710,10,0.300000,0.300000,0.300000,2,1,1,true,1,1,55
ReasoningPlayer,240,10,0.300000,0.300000,0.300000,0,0,0,true,1,0,80
ReasoningPlayer,-6775,10,0.300000,0.300000,0.300000,7,5,2,true,1,2,56
ReasoningPlayer,-100192,10,0.300000,0.300000,0.300000,98,94,4,false,0,4,60
ReasoningPlayer,-7468,10,0.300000,0.300000,0.300000,8,6,2,true,1,2,33
ReasoningPlayer,-19953,10,0.300000,0.300000,0.300000,19,6,13,true,1,13,89
ReasoningPlayer,-11123,10,0.300000,0.300000,0.300000,11,8,3,true,1,3,79
ReasoningPlayer,310,10,0.300000,0.300000,0.300000,0,0,0,true,1,0,78
ReasoningPlayer,-300,10,0.300000,0.300000,0.300000,1,0,1,true,1,1,43
ReasoningPlayer,-3518,10,0.300000,0.300000,0.300000,4,1,3,true,1,3,51
ReasoningPlayer,-36531,10,0.300000,0.300000,0.300000,36,34,2,true,1,2,81
ReasoningPlayer,933,10,0.300000,0.300000,0.300000,0,0,0,true,1,0,20
ReasoningPlayer,-13481,10,0.300000,0.300000,0.300000,13,8,5,true,1,5,95
ReasoningPlayer,-4594,10,0.300000,0.300000,0.300000,5,0,5,true,1,5,48
ReasoningPlayer,-2480,10,0.300000,0.300000,0.300000,3,1,2,true,1,2,58
ReasoningPlayer,-16373,10,0.300000,0.300000,0.300000,17,16,1,true,1,1,30
ReasoningPlayer,-100303,10,0.300000,0.300000,0.300000,97,92,5,false,0,5,96
ReasoningPlayer,955,10,0.300000,0.300000,0.300000,0,0,0,true,1,0,4
ReasoningPlayer,-100393,10,0.300000,0.300000,0.300000,97,91,6,false,0,7,95
ReasoningPlayer,-73122,10,0.300000,0.300000,0.300000,71,60,11,true,1,11,97
ReasoningPlayer,-5657,10,0.300000,0.300000,0.300000,6,2,4,true,1,4,71
ReasoningPlayer,-19864,10,0.300000,0.300000,0.300000,20,18,2,true,1,2,56
ReasoningPlayer,-7656,10,0.300000,0.300000,0.300000,8,7,1,true,1,1,63
ReasoningPlayer,-3254,10,0.300000,0.300000,0.300000,4,0,4,true,1,4,18
ReasoningPlayer,-5780,10,0.300000,0.300000,0.300000,6,3,3,true,1,3,69
ReasoningPlayer,-3307,10,0.300000,0.300000,0.300000,4,2,2,true,1,2,30
ReasoningPlayer,937,10,0.300000,0.300000,0.300000,0,0,0,true,1,0,7
ReasoningPlayer,-23,10,0.300000,0.300000,0.300000,1,1,0,true,1,0,6
ReasoningPlayer,-640,10,0.300000,0.300000,0.300000,1,0,1,true,1,1,62
ReasoningPlayer,-8288,10,0.300000,0.300000,0.300000,9,8,1,true,1,1,16
ReasoningPlayer,-30338,10,0.300000,0.300000,0.300000,30,24,6,true,1,6,81
ReasoningPlayer,-7064,10,0.300000,0.300000,0.300000,7,3,4,true,1,4,82
ReasoningPlayer,-414,10,0.300000,0.300000,0.300000,1,0,1,true,1,1,63
ReasoningPlayer,453,10,0.300000,0.300000,0.300000,0,0,0,true,1,0,56
ReasoningPlayer,889,10,0.300000,0.300000,0.300000,0,0,0,true,1,0,21
ReasoningPlayer,-450,10,0.300000,0.300000,0.300000,1,0,1,true,1,1,65
ReasoningPlayer,-357,10,0.300000,0.300000,0.300000,1,0,1,true,1,1,39
ReasoningPlayer,-371,10,0.300000,0.300000,0.300000,1,1,0,true,1,0,38
ReasoningPlayer,-32010,10,0.300000,0.300000,0.300000,31,23,8,true,1,9,88
ReasoningPlayer,-10393,10,0.300000,0.300000,0.300000,10,4,6,true,1,6,82
ReasoningPlayer,-3402,10,0.300000,0.300000,0.300000,4,3,1,true,1,1,38
ReasoningPlayer,-1211,10,0.300000,0.300000,0.300000,2,0,2,true,1,2,22
ReasoningPlayer,-188,10,0.300000,0.300000,0.300000,1,1,0,true,1,0,32
ReasoningPlayer,837,10,0.300000,0.300000,0.300000,0,0,0,true,1,0,20
ReasoningPlayer,490,10,0.300000,0.300000,0.300000,0,0,0,true,1,0,56
ReasoningPlayer,801,10,0.300000,0.300000,0.300000,0,0,0,true,1,0,24
ReasoningPlayer,-11695,10,0.300000,0.300000,0.300000,12,6,6,true,1,6,60
ReasoningPlayer,901,10,0.300000,0.300000,0.300000,0,0,0,true,1,0,12
ReasoningPlayer,944,10,0.300000,0.300000,0.300000,0,0,0,true,1,0,9
ReasoningPlayer,870,10,0.300000,0.300000,0.300000,0,0,0,true,1,0,22
ReasoningPlayer,-8973,10,0.300000,0.300000,0.300000,9,3,6,true,1,6,77
ReasoningPlayer,-14387,10,0.300000,0.300000,0.300000,14,8,6,true,1,6,91
ReasoningPlayer,925,10,0.300000,0.300000,0.300000,0,0,0,true,1,0,25
ReasoningPlayer,-10037,10,0.300000,0.300000,0.300000,10,6,4,true,1,4,82
ReasoningPlayer,-4621,10,0.300000,0.300000,0.300000,5,4,1,true,1,1,49
ReasoningPlayer,545,10,0.300000,0.300000,0.300000,0,0,0,true,1,0,56
ReasoningPlayer,-2476,10,0.300000,0.300000,0.300000,3,1,2,true,1,2,52
ReasoningPlayer,-10075,10,0.300000,0.300000,0.300000,10,6,4,true,1,4,95
ReasoningPlayer,-144,10,0.300000,0.300000,0.300000,1,0,1,true,1,1,26
ReasoningPlayer,617,10,0.300000,0.300000,0.300000,0,0,0,true,1,0,53
ReasoningPlayer,-1142,10,0.300000,0.300000,0.300000,2,0,2,true,1,2,13
ReasoningPlayer,-8762,10,0.300000,0.300000,0.300000,9,4,5,true,1,5,54
ReasoningPlayer,525,10,0.300000,0.300000,0.300000,0,0,0,true,1,0,78
ReasoningPlayer,-1604,10,0.300000,0.300000,0.300000,2,2,0,true,1,0,72
ReasoningPlayer,-11488,10,0.300000,0.300000,0.300000,12,10,2,true,1,2,52
ReasoningPlayer,-1445,10,0.300000,0.300000,0.300000,2,2,0,true,1,0,32
ReasoningPlayer,-8861,10,0.300000,0.300000,0.300000,9,8,1,true,1,1,76
ReasoningPlayer,978,10,0.300000,0.300000,0.300000,0,0,0,true,1,0,4
ReasoningPlayer,978,10,0.300000,0.300000,0.300000,0,0,0,true,1,0,6
ReasoningPlayer,-27540,10,0.300000,0.300000,0.300000,27,21,6,true,1,6,82
ReasoningPlayer,-4643,10,0.300000,0.300000,0.300000,5,4,1,true,1,1,60
ReasoningPlayer,-1228,10,0.300000,0.300000,0.300000,2,0,2,true,1,2,36
ReasoningPlayer,844,10,0.300000,0.300000,0.300000,0,0,0,true,1,0,28
ReasoningPlayer,-6811,10,0.300000,0.300000,0.300000,7,5,2,true,1,2,76
ReasoningPlayer,-8186,10,0.300000,0.300000,0.300000,8,1,7,true,1,7,82
ReasoningPlayer,-7425,10,0.300000,0.300000,0.300000,8,5,3,true,1,3,34
ReasoningPlayer,-7498,10,0.300000,0.300000,0.300000,8,8,0,true,1,0,27
ReasoningPlayer,-21363,10,0.300000,0.300000,0.300000,21,18,3,true,1,3,97
ReasoningPlayer,713,10,0.300000,0.300000,0.300000,0,0,0,true,1,0,31
ReasoningPlayer,527,10,0.300000,0.300000,0.300000,0,0,0,true,1,0,62
ReasoningPlayer,-28856,10,0.300000,0.300000,0.300000,29,28,1,true,1,1,68
ReasoningPlayer,-7224,10,0.300000,0.300000,0.300000,7,3,4,true,1,4,82
ReasoningPlayer,-284,10,0.300000,0.300000,0.300000,1,0,1,true,1,1,39
ReasoningPlayer,-13944,10,0.300000,0.300000,0.300000,14,12,2,true,1,2,61
ReasoningPlayer,-7637,10,0.300000,0.300000,0.300000,8,4,4,true,1,5,51
ReasoningPlayer,1000,10,0.300000,0.300000,0.300000,0,0,0,true,1,0,0
ReasoningPlayer,-2604,10,0.300000,0.300000,0.300000,3,1,2,true,1,2,47
ReasoningPlayer,-282,10,0.300000,0.300000,0.300000,1,1,0,true,1,0,30
ReasoningPlayer,-13675,10,0.300000,0.300000,0.300000,14,13,1,true,1,1,39
ReasoningPlayer,830,10,0.300000,0.300000,0.300000,0,0,0,true,1,0,32
ReasoningPlayer,-30572,10,0.300000,0.300000,0.300000,30,22,8,true,1,8,74
ReasoningPlayer,-28394,10,0.300000,0.300000,0.300000,28,23,5,true,1,5,84
ReasoningPlayer,882,10,0.300000,0.300000,0.300000,0,0,0,true,1,0,20
ReasoningPlayer,-12901,10,0.300000,0.300000,0.300000,13,9,4,true,1,4,71
ReasoningPlayer,-34164,10,0.300000,0.300000,0.300000,33,24,9,true,1,9,100
ReasoningPlayer,608,10,0.300000,0.300000,0.300000,0,0,0,true,1,0,58
ReasoningPlayer,-12401,10,0.300000,0.300000,0.300000,13,13,0,true,1,0,45
ReasoningPlayer,745,10,0.300000,0.300000,0.300000,0,0,0,true,1,0,30
ReasoningPlayer,999,10,0.300000,0.300000,0.300000,0,0,0,true,1,0,1
ReasoningPlayer,598,10,0.300000,0.300000,0.300000,0,0,0,true,1,0,49
ReasoningPlayer,-1202,10,0.300000,0.300000,0.300000,2,2,0,true,1,0,17
ReasoningPlayer,-18092,10,0.300000,0.300000,0.300000,18,12,6,true,1,6,70
ReasoningPlayer,-1420,10,0.300000,0.300000,0.300000,2,2,0,true,1,0,33
ReasoningPlayer,953,10,0.300000,0.300000,0.300000,0,0,0,true,1,0,11
ReasoningPlayer,-4307,10,0.300000,0.300000,0.300000,5,4,1,true,1,1,30
ReasoningPlayer,-4934,10,0.300000,0.300000,0.300000,5,1,4,true,1,4,70
ReasoningPlayer,-1114,10,0.300000,0.300000,0.300000,2,2,0,true,1,0,14
ReasoningPlayer,982,10,0.300000,0.300000,0.300000,0,0,0,true,1,0,12
ReasoningPlayer,-60005,10,0.300000,0.300000,0.300000,59,55,4,true,1,4,64
ReasoningPlayer,-1474,10,0.300000,0.300000,0.300000,2,0,2,true,1,2,59
ReasoningPlayer,-20270,10,0.300000,0.300000,0.300000,20,18,2,true,1,2,85
ReasoningPlayer,-14925,10,0.300000,0.300000,0.300000,15,12,3,true,1,3,61
ReasoningPlayer,-1191,10,0.300000,0.300000,0.300000,2,1,1,true,1,1,16
ReasoningPlayer,-4373,10,0.300000,0.300000,0.300000,5,3,2,true,1,2,33
ReasoningPlayer,-10754,10,0.300000,0.300000,0.300000,10,2,8,true,1,8,99
ReasoningPlayer,-2336,10,0.300000,0.300000,0.300000,3,1,2,true,1,2,32
ReasoningPlayer,-13700,10,0.300000,0.300000,0.300000,14,8,6,true,1,6,46
ReasoningPlayer,999,10,0.300000,0.300000,0.300000,0,0,0,true,1,0,1
ReasoningPlayer,-10759,10,0.300000,0.300000,0.300000,11,9,2,true,1,2,70
ReasoningPlayer,-24161,10,0.300000,0.300000,0.300000,24,19,5,true,1,5,68
ReasoningPlayer,-22434,10,0.300000,0.300000,0.300000,22,16,6,true,1,6,86
ReasoningPlayer,915,10,0.300000,0.300000,0.300000,0,0,0,true,1,0,24
ReasoningPlayer,-8562,10,0.300000,0.300000,0.300000,9,6,3,true,1,3,42
ReasoningPlayer,-7864,10,0.300000,0.300000,0.300000,8,5,3,true,1,3,74
ReasoningPlayer,-17339,10,0.300000,0.300000,0.300000,17,13,4,true,1,4,70
ReasoningPlayer,-13255,10,0.300000,0.300000,0.300000,14,13,1,true,1,1,13
ReasoningPlayer,-659,10,0.300000,0.300000,0.300000,1,0,1,true,1,2,79
ReasoningPlayer,-7515,10,0.300000,0.300000,0.300000,8,7,1,true,1,1,52
ReasoningPlayer,-63474,10,0.300000,0.300000,0.300000,62,52,10,true,1,10,94
ReasoningPlayer,-13549,10,0.300000,0.300000,0.300000,14,14,0,true,1,0,32
ReasoningPlayer,-1189,10,0.300000,0.300000,0.300000,2,1,1,true,1,1,15
ReasoningPlayer,-2631,10,0.300000,0.300000,0.300000,3,0,3,true,1,3,73
ReasoningPlayer,841,10,0.300000,0.300000,0.300000,0,0,0,true,1,0,29
ReasoningPlayer,-3504,10,0.300000,0.300000,0.300000,4,2,2,true,1,2,29
ReasoningPlayer,-2235,10,0.300000,0.300000,0.300000,3,1,2,true,1,2,33
ReasoningPlayer,620,10,0.300000,0.300000,0.300000,0,0,0,true,1,0,47
ReasoningPlayer,889,10,0.300000,0.300000,0.300000,0,0,0,true,1,0,15
ReasoningPlayer,-9868,10,0.300000,0.300000,0.300000,10,5,5,true,1,5,60
ReasoningPlayer,967,10,0.300000,0.300000,0.300000,0,0,0,true,1,0,3
ReasoningPlayer,726,10,0.300000,0.300000,0.300000,0,0,0,true,1,0,51
ReasoningPlayer,-1570,10,0.300000,0.300000,0.300000,2,2,0,true,1,0,60
ReasoningPlayer,977,10,0.300000,0.300000,0.300000,0,0,0,true,1,0,6
ReasoningPlayer,-20955,10,0.300000,0.300000,0.300000,21,18,3,true,1,3,67
ReasoningPlayer,-2639,10,0.300000,0.300000,0.300000,3,1,2,true,1,2,60
ReasoningPlayer,949,10,0.300000,0.300000,0.300000,0,0,0,true,1,0,6
ReasoningPlayer,-14258,10,0.300000,0.300000,0.300000,14,8,6,true,1,6,73
ReasoningPlayer,832,10,0.300000,0.300000,0.300000,0,0,0,true,1,0,26
ReasoningPlayer,679,10,0.300000,0.300000,0.300000,0,0,0,true,1,0,51
ReasoningPlayer,543,10,0.300000,0.300000,0.300000,0,0,0,true,1,0,69
ReasoningPlayer,985,10,0.300000,0.300000,0.300000,0,0,0,true,1,0,1
ReasoningPlayer,-47060,10,0.300000,0.300000,0.300000,45,37,8,true,1,8,98
ReasoningPlayer,-2346,10,0.300000,0.300000,0.300000,3,2,1,true,1,1,53
ReasoningPlayer,-13468,10,0.300000,0.300000,0.300000,14,14,0,true,1,0,43
ReasoningPlayer,-38112,10,0.300000,0.300000,0.300000,37,29,8,true,1,8,92
ReasoningPlayer,-447,10,0.300000,0.300000,0.300000,1,1,0,true,1,0,39
ReasoningPlayer,542,10,0.300000,0.300000,0.300000,0,0,0,true,1,0,67
ReasoningPlayer,733,10,0.300000,0.300000,0.300000,0,0,0,true,1,0,54
ReasoningPlayer,910,10,0.300000,0.300000,0.300000,0,0,0,true,1,0,17
ReasoningPlayer,-270,10,0.300000,0.300000,0.300000,1,1,0,true,1,0,33
ReasoningPlayer,918,10,0.300000,0.300000,0.300000,0,0,0,true,1,0,12
ReasoningPlayer,942,10,0.300000,0.300000,0.300000,0,0,0,true,1,0,7
ReasoningPlayer,-10450,10,0.300000,0.300000,0.300000,11,8,3,true,1,3,38
ReasoningPlayer,650,10,0.300000,0.300000,0.300000,0,0,0,true,1,0,42
ReasoningPlayer,958,10,0.300000,0.300000,0.300000,0,0,0,true,1,0,12
ReasoningPlayer,-5494,10,0.300000,0.300000,0.300000,6,4,2,true,1,2,39
ReasoningPlayer,-7951,10,0.300000,0.300000,0.300000,8,5,3,true,1,3,89
ReasoningPlayer,-3777,10,0.300000,0.300000,0.300000,4,3,1,true,1,1,74
ReasoningPlayer,-6881,10,0.300000,0.300000,0.300000,7,4,3,true,1,3,74
ReasoningPlayer,420,10,0.300000,0.300000,0.300000,0,0,0,true,1,0,77
ReasoningPlayer,846,10,0.300000,0.300000,0.300000,0,0,0,true,1,0,18
ReasoningPlayer,-2284,10,0.300000,0.300000,0.300000,3,2,1,true,1,2,40
ReasoningPlayer,1000,10,0.300000,0.300000,0.300000,0,0,0,true,1,0,0
ReasoningPlayer,791,10,0.300000,0.300000,0.300000,0,0,0,true,1,0,38
ReasoningPlayer,-41803,10,0.300000,0.300000,0.300000,41,37,4,true,1,4,83
ReasoningPlayer,881,10,0.300000,0.300000,0.300000,0,0,0,true,1,0,21
ReasoningPlayer,838,10,0.300000,0.300000,0.300000,0,0,0,true,1,0,21
ReasoningPlayer,630,10,0.300000,0.300000,0.300000,0,0,0,true,1,0,38
ReasoningPlayer,-1827,10,0.300000,0.300000,0.300000,2,0,2,true,1,3,88
ReasoningPlayer,-1443,10,0.300000,0.300000,0.300000,2,1,1,true,1,1,46
ReasoningPlayer,-164,10,0.300000,0.300000,0.300000,1,0,1,true,1,1,25
ReasoningPlayer,-4602,10,0.300000,0.300000,0.300000,5,4,1,true,1,1,51
ReasoningPlayer,-17100,10,0.300000,0.300000,0.300000,17,11,6,true,1,6,81
ReasoningPlayer,-76503,10,0.300000,0.300000,0.300000,74,69,5,true,1,5,100
ReasoningPlayer,-489,10,0.300000,0.300000,0.300000,1,0,1,true,1,1,51
ReasoningPlayer,958,10,0.300000,0.300000,0.300000,0,0,0,true,1,0,9
ReasoningPlayer,-252,10,0.300000,0.300000,0.300000,1,0,1,true,1,1,31
ReasoningPlayer,-8728,10,0.300000,0.300000,0.300000,9,7,2,true,1,2,59
ReasoningPlayer,982,10,0.300000,0.300000,0.300000,0,0,0,true,1,0,3
ReasoningPlayer,959,10,0.300000,0.300000,0.300000,0,0,0,true,1,0,8
ReasoningPlayer,-15938,10,0.300000,0.300000,0.300000,16,11,5,true,1,5,68
ReasoningPlayer,-4711,10,0.300000,0.300000,0.300000,5,2,3,true,1,3,59
ReasoningPlayer,-1169,10,0.300000,0.300000,0.300000,2,2,0,true,1,0,19
ReasoningPlayer,847,10,0.300000,0.300000,0.300000,0,0,0,true,1,0,19
ReasoningPlayer,-18231,10,0.300000,0.300000,0.300000,18,14,4,true,1,4,74
ReasoningPlayer,999,10,0.300000,0.300000,0.300000,0,0,0,true,1,0,1
ReasoningPlayer,-1633,10,0.300000,0.300000,0.300000,2,0,2,true,1,2,55
ReasoningPlayer,-2227,10,0.300000,0.300000,0.300000,3,1,2,true,1,2,34
ReasoningPlayer,-28433,10,0.300000,0.300000,0.300000,28,21,7,true,1,7,85
ReasoningPlayer,992,10,0.300000,0.300000,0.300000,0,0,0,true,1,0,7
ReasoningPlayer,-51866,10,0.300000,0.300000,0.300000,52,51,1,true,1,1,37
ReasoningPlayer,-2765,10,0.300000,0.300000,0.300000,3,0,3,true,1,3,80
ReasoningPlayer,755,10,0.300000,0.300000,0.300000,0,0,0,true,1,0,53
ReasoningPlayer,-28894,10,0.300000,0.300000,0.300000,28,20,8,true,1,8,90
ReasoningPlayer,939,10,0.300000,0.300000,0.300000,0,0,0,true,1,0,12
ReasoningPlayer,-12408,10,0.300000,0.300000,0.300000,12,6,6,true,1,6,88
ReasoningPlayer,622,10,0.300000,0.300000,0.300000,0,0,0,true,1,0,59
ReasoningPlayer,954,10,0.300000,0.300000,0.300000,0,0,0,true,1,0,10
ReasoningPlayer,976,10,0.300000,0.300000,0.300000,0,0,0,true,1,0,7
ReasoningPlayer,-1546,10,0.300000,0.300000,0.300000,2,0,2,true,1,2,57
ReasoningPlayer,-2175,10,0.300000,0.300000,0.300000,3,1,2,true,1,2,12
ReasoningPlayer,906,10,0.300000,0.300000,0.300000,0,0,0,true,1,0,17
ReasoningPlayer,-21796,10,0.300000,0.300000,0.300000,22,19,3,true,1,4,61
ReasoningPlayer,-11084,10,0.300000,0.300000,0.300000,11,7,4,true,1,5,72
ReasoningPlayer,791,10,0.300000,0.300000,0.300000,0,0,0,true,1,0,33
ReasoningPlayer,-2126,10,0.300000,0.300000,0.300000,3,1,2,true,1,2,19
ReasoningPlayer,-2754,10,0.300000,0.300000,0.300000,3,2,1,true,1,1,62
ReasoningPlayer,-18562,10,0.300000,0.300000,0.300000,18,11,7,true,1,9,85
ReasoningPlayer,-2102,10,0.300000,0.300000,0.300000,3,2,1,true,1,1,13
ReasoningPlayer,-3299,10,0.300000,0.300000,0.300000,4,2,2,true,1,2,27
ReasoningPlayer,639,10,0.300000,0.300000,0.300000,0,0,0,true,1,0,41
ReasoningPlayer,-19167,10,0.300000,0.300000,0.300000,19,15,4,true,1,4,76
ReasoningPlayer,-6666,10,0.300000,0.300000,0.300000,7,6,1,true,1,1,57
ReasoningPlayer,-7956,10,0.300000,0.300000,0.300000,8,3,5,true,1,5,84
ReasoningPlayer,972,10,0.300000,0.300000,0.300000,0,0,0,true,1,0,11
ReasoningPlayer,-7438,10,0.300000,0.300000,0.300000,8,6,2,true,1,2,46
ReasoningPlayer,-3522,10,0.300000,0.300000,0.300000,4,2,2,true,1,2,50
ReasoningPlayer,-1027,10,0.300000,0.300000,0.300000,2,0,2,true,1,2,8
ReasoningPlayer,704,10,0.300000,0.300000,0.300000,0,0,0,true,1,0,50
ReasoningPlayer,-195,10,0.300000,0.300000,0.300000,1,0,1,true,1,1,27
ReasoningPlayer,-1373,10,0.300000,0.300000,0.300000,2,0,2,true,1,3,44
ReasoningPlayer,-66737,10,0.300000,0.300000,0.300000,65,63,2,true,1,2,93
ReasoningPlayer,-2347,10,0.300000,0.300000,0.300000,3,1,2,true,1,2,39
ReasoningPlayer,694,10,0.300000,0.300000,0.300000,0,0,0,true,1,0,25
ReasoningPlayer,-7838,10,0.300000,0.300000,0.300000,8,3,5,true,1,6,78
ReasoningPlayer,-9989,10,0.300000,0.300000,0.300000,10,9,1,true,1,1,90
ReasoningPlayer,907,10,0.300000,0.300000,0.300000,0,0,0,true,1,0,15
ReasoningPlayer,938,10,0.300000,0.300000,0.300000,0,0,0,true,1,0,10
ReasoningPlayer,-2725,10,0.300000,0.300000,0.300000,3,0,3,true,1,3,67
ReasoningPlayer,-12954,10,0.300000,0.300000,0.300000,13,10,3,true,1,3,60
ReasoningPlayer,-429,10,0.300000,0.300000,0.300000,1,0,1,true,1,1,59
ReasoningPlayer,-77,10,0.300000,0.300000,0.300000,1,0,1,true,1,1,12
ReasoningPlayer,675,10,0.300000,0.300000,0.300000,0,0,0,true,1,0,43
ReasoningPlayer,-23486,10,0.300000,0.300000,0.300000,23,17,6,true,1,6,80
ReasoningPlayer,-24768,10,0.300000,0.300000,0.300000,24,18,6,true,1,6,99
ReasoningPlayer,-9999,10,0.300000,0.300000,0.300000,10,7,3,true,1,3,75
ReasoningPlayer,-125,10,0.300000,0.300000,0.300000,1,1,0,true,1,0,30
ReasoningPlayer,-6875,10,0.300000,0.300000,0.300000,7,4,3,true,1,3,72
ReasoningPlayer,-8033,10,0.300000,0.300000,0.300000,8,3,5,true,1,5,65
ReasoningPlayer,723,10,0.300000,0.300000,0.300000,0,0,0,true,1,0,52
ReasoningPlayer,948,10,0.300000,0.300000,0.300000,0,0,0,true,1,0,7
ReasoningPlayer,743,10,0.300000,0.300000,0.300000,0,0,0,true,1,0,46
ReasoningPlayer,-5185,10,0.300000,0.300000,0.300000,6,4,2,true,1,2,14
ReasoningPlayer,-48251,10,0.300000,0.300000,0.300000,47,43,4,true,1,5,98
ReasoningPlayer,-16041,10,0.300000,0.300000,0.300000,16,13,3,true,1,3,69
ReasoningPlayer,809,10,0.300000,0.300000,0.300000,0,0,0,true,1,0,38
ReasoningPlayer,847,10,0.300000,0.300000,0.300000,0,0,0,true,1,0,36
ReasoningPlayer,-17204,10,0.300000,0.300000,0.300000,17,15,2,true,1,2,82
ReasoningPlayer,984,10,0.300000,0.300000,0.300000,0,0,0,true,1,0,2
ReasoningPlayer,-3344,10,0.300000,0.300000,0.300000,4,4,0,true,1,0,32
ReasoningPlayer,-7257,10,0.300000,0.300000,0.300000,8,7,1,true,1,1,20
ReasoningPlayer,905,10,0.300000,0.300000,0.300000,0,0,0,true,1,0,12
ReasoningPlayer,-6831,10,0.300000,0.300000,0.300000,7,3,4,true,1,4,68
ReasoningPlayer,946,10,0.300000,0.300000,0.300000,0,0,0,true,1,0,26
ReasoningPlayer,979,10,0.300000,0.300000,0.300000,0,0,0,true,1,0,5
ReasoningPlayer,650,10,0.300000,0.300000,0.300000,0,0,0,true,1,0,57
ReasoningPlayer,868,10,0.300000,0.300000,0.300000,0,0,0,true,1,0,30
ReasoningPlayer,842,10,0.300000,0.300000,0.300000,0,0,0,true,1,0,22
ReasoningPlayer,-2436,10,0.300000,0.300000,0.300000,3,1,2,true,1,2,54
ReasoningPlayer,-44523,10,0.300000,0.300000,0.300000,44,37,7,true,1,8,87
ReasoningPlayer,-15262,10,0.300000,0.300000,0.300000,15,12,3,true,1,4,79
ReasoningPlayer,-2256,10,0.300000,0.300000,0.300000,3,3,0,true,1,0,26
ReasoningPlayer,-13905,10,0.300000,0.300000,0.300000,14,9,5,true,1,5,63
ReasoningPlayer,-417,10,0.300000,0.300000,0.300000,1,0,1,true,1,1,41
ReasoningPlayer,638,10,0.300000,0.300000,0.300000,0,0,0,true,1,0,57
ReasoningPlayer,-296,10,0.300000,0.300000,0.300000,1,0,1,true,1,1,34
ReasoningPlayer,-9141,10,0.300000,0.300000,0.300000,9,7,2,true,1,2,91
ReasoningPlayer,-3559,10,0.300000,0.300000,0.300000,4,2,2,true,1,2,57
ReasoningPlayer,-50111,10,0.300000,0.300000,0.300000,49,42,7,true,1,7,85
ReasoningPlayer,-5539,10,0.300000,0.300000,0.300000,6,5,1,true,1,2,47
ReasoningPlayer,-18696,10,0.300000,0.300000,0.300000,19,14,5,true,1,5,61
ReasoningPlayer,960,10,0.300000,0.300000,0.300000,0,0,0,true,1,0,10
ReasoningPlayer,844,10,0.300000,0.300000,0.300000,0,0,0,true,1,0,37
ReasoningPlayer,-16128,10,0.300000,0.300000,0.300000,16,12,4,true,1,4,74
ReasoningPlayer,-17052,10,0.300000,0.300000,0.300000,17,11,6,true,1,6,66
ReasoningPlayer,754,10,0.300000,0.300000,0.300000,0,0,0,true,1,0,35
ReasoningPlayer,-12705,10,0.300000,0.300000,0.300000,13,11,2,true,1,2,55
ReasoningPlayer,-4508,10,0.300000,0.300000,0.300000,5,3,2,true,1,2,47
ReasoningPlayer,-10099,10,0.300000,0.300000,0.300000,10,3,7,true,1,7,89
ReasoningPlayer,-10710,10,0.300000,0.300000,0.300000,11,8,3,true,1,4,68
ReasoningPlayer,-1166,10,0.300000,0.300000,0.300000,2,0,2,true,1,2,34
ReasoningPlayer,731,10,0.300000,0.300000,0.300000,0,0,0,true,1,0,49
ReasoningPlayer,-19696,10,0.300000,0.300000,0.300000,20,18,2,true,1,2,56
ReasoningPlayer,882,10,0.300000,0.300000,0.300000,0,0,0,true,1,0,15
ReasoningPlayer,-9716,10,0.300000,0.300000,0.300000,10,7,3,true,1,3,63
ReasoningPlayer,-55541,10,0.300000,0.300000,0.300000,54,47,7,true,1,7,98
ReasoningPlayer,-24174,10,0.300000,0.300000,0.300000,24,24,0,true,1,0,81
ReasoningPlayer,625,10,0.300000,0.300000,0.300000,0,0,0,true,1,0,29
ReasoningPlayer,-406,10,0.300000,0.300000,0.300000,1,0,1,true,1,1,50
ReasoningPlayer,-352,10,0.300000,0.300000,0.300000,1,1,0,true,1,0,50
ReasoningPlayer,921,10,0.300000,0.300000,0.300000,0,0,0,true,1,0,18
ReasoningPlayer,-371,10,0.300000,0.300000,0.300000,1,0,1,true,1,1,45
ReasoningPlayer,-18235,10,0.300000,0.300000,0.300000,18,13,5,true,1,5,87
ReasoningPlayer,-507,10,0.300000,0.300000,0.300000,1,1,0,true,1,0,56
ReasoningPlayer,975,10,0.300000,0.300000,0.300000,0,0,0,true,1,0,7
ReasoningPlayer,1000,10,0.300000,0.300000,0.300000,0,0,0,true,1,0,0
ReasoningPlayer,-2636,10,0.300000,0.300000,0.300000,3,0,3,true,1,3,52
ReasoningPlayer,-576,10,0.300000,0.300000,0.300000,1,0,1,true,1,1,56
ReasoningPlayer,1000,10,0.300000,0.300000,0.300000,0,0,0,true,1,0,0
ReasoningPlayer,-12062,10,0.300000,0.300000,0.300000,12,7,5,true,1,5,76
ReasoningPlayer,561,10,0.300000,0.300000,0.300000,0,0,0,true,1,0,53
ReasoningPlayer,872,10,0.300000,0.300000,0.300000,0,0,0,true,1,0,14
ReasoningPlayer,-6702,10,0.300000,0.300000,0.300000,7,3,4,true,1,4,47
ReasoningPlayer,-2758,10,0.300000,0.300000,0.300000,3,1,2,true,1,2,68
ReasoningPlayer,793,10,0.300000,0.300000,0.300000,0,0,0,true,1,0,26
ReasoningPlayer,692,10,0.300000,0.300000,0.300000,0,0,0,true,1,0,35
ReasoningPlayer,-370,10,0.300000,0.300000,0.300000,1,1,0,true,1,0,43
ReasoningPlayer,-21566,10,0.300000,0.300000,0.300000,21,17,4,true,1,4,73
ReasoningPlayer,-570,10,0.300000,0.300000,0.300000,1,0,1,true,1,1,66
ReasoningPlayer,-25669,10,0.300000,0.300000,0.300000,25,17,8,true,1,8,98
ReasoningPlayer,898,10,0.300000,0.300000,0.300000,0,0,0,true,1,0,17
ReasoningPlayer,-20787,10,0.300000,0.300000,0.300000,20,11,9,true,1,9,97
ReasoningPlayer,-2709,10,0.300000,0.300000,0.300000,3,2,1,true,1,1,73
ReasoningPlayer,750,10,0.300000,0.300000,0.300000,0,0,0,true,1,0,30
ReasoningPlayer,967,10,0.300000,0.300000,0.300000,0,0,0,true,1,0,4
ReasoningPlayer,-2565,10,0.300000,0.300000,0.300000,3,2,1,true,1,1,60
ReasoningPlayer,-1563,10,0.300000,0.300000,0.300000,2,0,2,true,1,2,55
ReasoningPlayer,-2159,10,0.300000,0.300000,0.300000,3,1,2,true,1,2,17
ReasoningPlayer,-3748,10,0.300000,0.300000,0.300000,4,2,2,true,1,2,82
ReasoningPlayer,-26990,10,0.300000,0.300000,0.300000,27,21,6,true,1,6,52
ReasoningPlayer,-3434,10,0.300000,0.300000,0.300000,4,2,2,true,1,2,39
ReasoningPlayer,-43474,10,0.300000,0.300000,0.300000,43,39,4,true,1,4,72
ReasoningPlayer,-1158,10,0.300000,0.300000,0.300000,2,0,2,true,1,2,17
ReasoningPlayer,-25708,10,0.300000,0.300000,0.300000,26,25,1,true,1,1,62
ReasoningPlayer,909,10,0.300000,0.300000,0.300000,0,0,0,true,1,0,14
ReasoningPlayer,-1154,10,0.300000,0.300000,0.300000,2,1,1,true,1,1,26
ReasoningPlayer,-14861,10,0.300000,0.300000,0.300000,14,8,6,true,1,6,98
ReasoningPlayer,985,10,0.300000,0.300000,0.300000,0,0,0,true,1,0,1
ReasoningPlayer,722,10,0.300000,0.300000,0.300000,0,0,0,true,1,0,56
ReasoningPlayer,-5723,10,0.300000,0.300000,0.300000,6,4,2,true,1,2,74
ReasoningPlayer,998,10,0.300000,0.300000,0.300000,0,0,0,true,1,0,2
ReasoningPlayer,-13284,10,0.300000,0.300000,0.300000,14,14,0,true,1,0,22
ReasoningPlayer,-44191,10,0.300000,0.300000,0.300000,44,42,2,true,1,2,68
ReasoningPlayer,766,10,0.300000,0.300000,0.300000,0,0,0,true,1,0,51
ReasoningPlayer,-4403,10,0.300000,0.300000,0.300000,5,2,3,true,1,3,43
ReasoningPlayer,-46563,10,0.300000,0.300000,0.300000,46,44,2,true,1,2,95
ReasoningPlayer,-24546,10,0.300000,0.300000,0.300000,24,18,6,true,1,6,64
ReasoningPlayer,517,10,0.300000,0.300000,0.300000,0,0,0,true,1,0,50
ReasoningPlayer,-301,10,0.300000,0.300000,0.300000,1,0,1,true,1,1,33
ReasoningPlayer,929,10,0.300000,0.300000,0.300000,0,0,0,true,1,0,19
ReasoningPlayer,-1300,10,0.300000,0.300000,0.300000,2,1,1,true,1,1,39
ReasoningPlayer,791,10,0.300000,0.300000,0.300000,0,0,0,true,1,0,43
ReasoningPlayer,767,10,0.300000,0.300000,0.300000,0,0,0,true,1,0,29
ReasoningPlayer,715,10,0.300000,0.300000,0.300000,0,0,0,true,1,0,58
ReasoningPlayer,680,10,0.300000,0.300000,0.300000,0,0,0,true,1,0,43
ReasoningPlayer,-10749,10,0.300000,0.300000,0.300000,11,6,5,true,1,5,69
ReasoningPlayer,962,10,0.300000,0.300000,0.300000,0,0,0,true,1,0,11
ReasoningPlayer,-7339,10,0.300000,0.300000,0.300000,8,5,3,true,1,3,24
ReasoningPlayer,-395,10,0.300000,0.300000,0.300000,1,0,1,true,1,1,47
ReasoningPlayer,783,10,0.300000,0.300000,0.300000,0,0,0,true,1,0,27
ReasoningPlayer,-7963,10,0.300000,0.300000,0.300000,8,5,3,true,1,3,76
ReasoningPlayer,-24583,10,0.300000,0.300000,0.300000,24,17,7,true,1,7,84
ReasoningPlayer,-27615,10,0.300000,0.300000,0.300000,27,19,8,true,1,9,95
ReasoningPlayer,-40920,10,0.300000,0.300000,0.300000,40,32,8,true,1,8,82
ReasoningPlayer,501,10,0.300000,0.300000,0.300000,0,0,0,true,1,0,58
ReasoningPlayer,-6895,10,0.300000,0.300000,0.300000,7,2,5,true,1,5,74
ReasoningPlayer,-398,10,0.300000,0.300000,0.300000,1,1,0,true,1,0,34
ReasoningPlayer,437,10,0.300000,0.300000,0.300000,0,0,0,true,1,0,69
ReasoningPlayer,972,10,0.300000,0.300000,0.300000,0,0,0,true,1,0,10
ReasoningPlayer,906,10,0.300000,0.300000,0.300000,0,0,0,true,1,0,15
ReasoningPlayer,903,10,0.300000,0.300000,0.300000,0,0,0,true,1,0,17
ReasoningPlayer,-24958,10,0.300000,0.300000,0.300000,24,18,6,true,1,6,95
ReasoningPlayer,609,10,0.300000,0.300000,0.300000,0,0,0,true,1,0,69
ReasoningPlayer,-39,10,0.300000,0.300000,0.300000,1,0,1,true,1,1,3
ReasoningPlayer,-75974,10,0.300000,0.300000,0.300000,75,66,9,true,1,9,91
ReasoningPlayer,-28095,10,0.300000,0.300000,0.300000,28,21,7,true,1,7,68
ReasoningPlayer,947,10,0.300000,0.300000,0.300000,0,0,0,true,1,0,19
ReasoningPlayer,866,10,0.300000,0.300000,0.300000,0,0,0,true,1,0,30
ReasoningPlayer,683,10,0.300000,0.300000,0.300000,0,0,0,true,1,0,31
ReasoningPlayer,-16385,10,0.300000,0.300000,0.300000,16,8,8,true,1,8,93
ReasoningPlayer,-2139,10,0.300000,0.300000,0.300000,3,2,1,true,1,1,12
ReasoningPlayer,993,10,0.300000,0.300000,0.300000,0,0,0,true,1,0,3
ReasoningPlayer,-6357,10,0.300000,0.300000,0.300000,7,4,3,true,1,3,55
ReasoningPlayer,950,10,0.300000,0.300000,0.300000,0,0,0,true,1,0,11
ReasoningPlayer,-6205,10,0.300000,0.300000,0.300000,6,1,5,true,1,5,70
ReasoningPlayer,970,10,0.300000,0.300000,0.300000,0,0,0,true,1,0,12
ReasoningPlayer,-110,10,0.300000,0.300000,0.300000,1,1,0,true,1,0,20
ReasoningPlayer,853,10,0.300000,0.300000,0.300000,0,0,0,true,1,0,20
ReasoningPlayer,-4615,10,0.300000,0.300000,0.300000,5,4,1,true,1,1,64
ReasoningPlayer,-146,10,0.300000,0.300000,0.300000,1,1,0,true,1,0,27
ReasoningPlayer,-7746,10,0.300000,0.300000,0.300000,8,5,3,true,1,3,52
ReasoningPlayer,704,10,0.300000,0.300000,0.300000,0,0,0,true,1,0,47
ReasoningPlayer,-113,10,0.300000,0.300000,0.300000,1,0,1,true,1,1,12
ReasoningPlayer,-83,10,0.300000,0.300000,0.300000,1,0,1,true,1,1,10
ReasoningPlayer,-63,10,0.300000,0.300000,0.300000,1,1,0,true,1,0,10
ReasoningPlayer,-5770,10,0.300000,0.300000,0.300000,6,4,2,true,1,2,77
ReasoningPlayer,918,10,0.300000,0.300000,0.300000,0,0,0,true,1,0,8
ReasoningPlayer,-1067,10,0.300000,0.300000,0.300000,2,1,1,true,1,1,8
ReasoningPlayer,-1436,10,0.300000,0.300000,0.300000,2,1,1,true,1,1,50
ReasoningPlayer,-136,10,0.300000,0.300000,0.300000,1,1,0,true,1,0,12
ReasoningPlayer,-134,10,0.300000,0.300000,0.300000,1,0,1,true,1,1,10
ReasoningPlayer,954,10,0.300000,0.300000,0.300000,0,0,0,true,1,0,10
ReasoningPlayer,-4629,10,0.300000,0.300000,0.300000,5,1,4,true,1,5,64
ReasoningPlayer,-34591,10,0.300000,0.300000,0.300000,34,26,8,true,1,8,86
ReasoningPlayer,995,10,0.300000,0.300000,0.300000,0,0,0,true,1,0,3
ReasoningPlayer,-14871,10,0.300000,0.300000,0.300000,14,5,9,true,1,9,89
ReasoningPlayer,-62,10,0.300000,0.300000,0.300000,1,0,1,true,1,1,9
ReasoningPlayer,-1667,10,0.300000,0.300000,0.300000,2,0,2,true,1,2,67
ReasoningPlayer,-1577,10,0.300000,0.300000,0.300000,2,0,2,true,1,2,64
ReasoningPlayer,-6727,10,0.300000,0.300000,0.300000,7,1,6,true,1,6,47
ReasoningPlayer,-36323,10,0.300000,0.300000,0.300000,35,30,5,true,1,6,95
ReasoningPlayer,-2316,10,0.300000,0.300000,0.300000,3,1,2,true,1,2,26
ReasoningPlayer,72,10,0.300000,0.300000,0.300000,0,0,0,true,1,0,96
ReasoningPlayer,957,10,0.300000,0.300000,0.300000,0,0,0,true,1,0,5
ReasoningPlayer,-27237,10,0.300000,0.300000,0.300000,26,13,13,true,1,13,81
ReasoningPlayer,-211,10,0.300000,0.300000,0.300000,1,0,1,true,1,1,25
ReasoningPlayer,-21304,10,0.300000,0.300000,0.300000,21,16,5,true,1,6,91
ReasoningPlayer,-1762,10,0.300000,0.300000,0.300000,2,1,1,true,1,1,67
ReasoningPlayer,-10474,10,0.300000,0.300000,0.300000,11,9,2,true,1,2,35
ReasoningPlayer,-4031,10,0.300000,0.300000,0.300000,4,0,4,true,1,4,82
ReasoningPlayer,-12890,10,0.300000,0.300000,0.300000,13,9,4,true,1,4,52
ReasoningPlayer,996,10,0.300000,0.300000,0.300000,0,0,0,true,1,0,2
ReasoningPlayer,-4261,10,0.300000,0.300000,0.300000,5,4,1,true,1,1,24
ReasoningPlayer,-544,10,0.300000,0.300000,0.300000,1,0,1,true,1,1,57
ReasoningPlayer,-27160,10,0.300000,0.300000,0.300000,26,18,8,true,1,9,98
ReasoningPlayer,886,10,0.300000,0.300000,0.300000,0,0,0,true,1,0,15
ReasoningPlayer,-4759,10,0.300000,0.300000,0.300000,5,4,1,true,1,1,69
ReasoningPlayer,-7728,10,0.300000,0.300000,0.300000,8,2,6,true,1,6,54
ReasoningPlayer,-100062,10,0.300000,0.300000,0.300000,99,99,0,false,0,0,18
ReasoningPlayer,884,10,0.300000,0.300000,0.300000,0,0,0,true,1,0,20
ReasoningPlayer,854,10,0.300000,0.300000,0.300000,0,0,0,true,1,0,33
ReasoningPlayer,-3717,10,0.300000,0.300000,0.300000,4,2,2,true,1,2,66
ReasoningPlayer,-8711,10,0.300000,0.300000,0.300000,9,3,6,true,1,6,63
ReasoningPlayer,1000,10,0.300000,0.300000,0.300000,0,0,0,true,1,0,0
ReasoningPlayer,979,10,0.300000,0.300000,0.300000,0,0,0,true,1,0,4
ReasoningPlayer,466,10,0.300000,0.300000,0.300000,0,0,0,true,1,0,61
ReasoningPlayer,-17393,10,0.300000,0.300000,0.300000,17,13,4,true,1,4,89
ReasoningPlayer,-3110,10,0.300000,0.300000,0.300000,4,3,1,true,1,1,10
ReasoningPlayer,937,10,0.300000,0.300000,0.300000,0,0,0,true,1,0,11
ReasoningPlayer,-1477,10,0.300000,0.300000,0.300000,2,1,1,true,1,1,46
ReasoningPlayer,-1019,10,0.300000,0.300000,0.300000,2,1,1,true,1,1,4
ReasoningPlayer,-10810,10,0.300000,0.300000,0.300000,11,7,4,true,1,4,62
ReasoningPlayer,693,10,0.300000,0.300000,0.300000,0,0,0,true,1,0,44
ReasoningPlayer,-30981,10,0.300000,0.300000,0.300000,31,24,7,true,1,7,45
ReasoningPlayer,998,10,0.300000,0.300000,0.300000,0,0,0,true,1,0,2
ReasoningPlayer,-11510,10,0.300000,0.300000,0.300000,12,9,3,true,1,3,43
ReasoningPlayer,-12049,10,0.300000,0.300000,0.300000,12,8,4,true,1,4,74
ReasoningPlayer,313,10,0.300000,0.300000,0.300000,0,0,0,true,1,0,70
ReasoningPlayer,993,10,0.300000,0.300000,0.300000,0,0,0,true,1,0,5
ReasoningPlayer,-6191,10,0.300000,0.300000,0.300000,6,3,3,true,1,3,96
ReasoningPlayer,-320,10,0.300000,0.300000,0.300000,1,1,0,true,1,0,40
ReasoningPlayer,-18,10,0.300000,0.300000,0.300000,1,1,0,true,1,0,3
ReasoningPlayer,-9520,10,0.300000,0.300000,0.300000,10,7,3,true,1,3,59
ReasoningPlayer,806,10,0.300000,0.300000,0.300000,0,0,0,true,1,0,41
ReasoningPlayer,-17922,10,0.300000,0.300000,0.300000,18,13,5,true,1,5,57
ReasoningPlayer,-1549,10,0.300000,0.300000,0.300000,2,2,0,true,1,0,61
ReasoningPlayer,-10929,10,0.300000,0.300000,0.300000,11,9,2,true,1,2,72
ReasoningPlayer,936,10,0.300000,0.300000,0.300000,0,0,0,true,1,0,15
ReasoningPlayer,1000,10,0.300000,0.300000,0.300000,0,0,0,true,1,0,0
ReasoningPlayer,-11469,10,0.300000,0.300000,0.300000,11,4,7,true,1,7,98
ReasoningPlayer,-8588,10,0.300000,0.300000,0.300000,8,3,5,true,1,5,100
ReasoningPlayer,-4103,10,0.300000,0.300000,0.300000,5,4,1,true,1,1,13
ReasoningPlayer,1000,10,0.300000,0.300000,0.300000,0,0,0,true,1,0,0
ReasoningPlayer,-11847,10,0.300000,0.300000,0.300000,12,8,4,true,1,4,71
ReasoningPlayer,-2292,10,0.300000,0.300000,0.300000,3,3,0,true,1,0,41
ReasoningPlayer,870,10,0.300000,0.300000,0.300000,0,0,0,true,1,0,23
ReasoningPlayer,-18,10,0.300000,0.300000,0.300000,1,0,1,true,1,1,3
ReasoningPlayer,982,10,0.300000,0.300000,0.300000,0,0,0,true,1,0,3
ReasoningPlayer,713,10,0.300000,0.300000,0.300000,0,0,0,true,1,0,36
ReasoningPlayer,-9942,10,0.300000,0.300000,0.300000,10,7,3,true,1,3,87
ReasoningPlayer,-2686,10,0.300000,0.300000,0.300000,3,2,1,true,1,1,73
ReasoningPlayer,424,10,0.300000,0.300000,0.300000,0,0,0,true,1,0,68
ReasoningPlayer,-3345,10,0.300000,0.300000,0.300000,4,3,1,true,1,1,28
ReasoningPlayer,-2516,10,0.300000,0.300000,0.300000,3,2,1,true,1,1,57
ReasoningPlayer,985,10,0.300000,0.300000,0.300000,0,0,0,true,1,0,10
ReasoningPlayer,-8126,10,0.300000,0.300000,0.300000,8,2,6,true,1,6,87
ReasoningPlayer,-27703,10,0.300000,0.300000,0.300000,28,23,5,true,1,5,49
ReasoningPlayer,506,10,0.300000,0.300000,0.300000,0,0,0,true,1,0,55
ReasoningPlayer,-22712,10,0.300000,0.300000,0.300000,22,18,4,true,1,4,100
ReasoningPlayer,634,10,0.300000,0.300000,0.300000,0,0,0,true,1,0,35
ReasoningPlayer,-5675,10,0.300000,0.300000,0.300000,6,2,4,true,1,4,62
ReasoningPlayer,-6340,10,0.300000,0.300000,0.300000,7,4,3,true,1,3,25
ReasoningPlayer,-8804,10,0.300000,0.300000,0.300000,9,6,3,true,1,3,69
ReasoningPlayer,978,10,0.300000,0.300000,0.300000,0,0,0,true,1,0,4
ReasoningPlayer,-8102,10,0.300000,0.300000,0.300000,8,2,6,true,1,6,84
ReasoningPlayer,958,10,0.300000,0.300000,0.300000,0,0,0,true,1,0,4
ReasoningPlayer,976,10,0.300000,0.300000,0.300000,0,0,0,true,1,0,8
ReasoningPlayer,-55,10,0.300000,0.300000,0.300000,1,0,1,true,1,1,21
ReasoningPlayer,642,10,0.300000,0.300000,0.300000,0,0,0,true,1,0,55
ReasoningPlayer,956,10,0.300000,0.300000,0.300000,0,0,0,true,1,0,12
ReasoningPlayer,1000,10,0.300000,0.300000,0.300000,0,0,0,true,1,0,0
ReasoningPlayer,-54757,10,0.300000,0.300000,0.300000,54,48,6,true,1,6,69
ReasoningPlayer,-100466,10,0.300000,0.300000,0.300000,100,100,0,false,0,0,11
ReasoningPlayer,917,10,0.300000,0.300000,0.300000,0,0,0,true,1,0,12
ReasoningPlayer,-5712,10,0.300000,0.300000,0.300000,6,4,2,true,1,2,71
ReasoningPlayer,-3643,10,0.300000,0.300000,0.300000,4,2,2,true,1,2,68
ReasoningPlayer,-17292,10,0.300000,0.300000,0.300000,17,15,2,true,1,2,73
ReasoningPlayer,-16901,10,0.300000,0.300000,0.300000,17,13,4,true,1,4,71
ReasoningPlayer,-9935,10,0.300000,0.300000,0.300000,10,7,3,true,1,4,74
ReasoningPlayer,-277,10,0.300000,0.300000,0.300000,1,0,1,true,1,1,40
ReasoningPlayer,-7978,10,0.300000,0.300000,0.300000,8,4,4,true,1,4,82
ReasoningPlayer,608,10,0.300000,0.300000,0.300000,0,0,0,true,1,0,43
ReasoningPlayer,-29800,10,0.300000,0.300000,0.300000,29,23,6,true,1,6,89
ReasoningPlayer,407,10,0.300000,0.300000,0.300000,0,0,0,true,1,0,71
ReasoningPlayer,-682,10,0.300000,0.300000,0.300000,1,0,1,true,1,2,77
ReasoningPlayer,-1217,10,0.300000,0.300000,0.300000,2,0,2,true,1,2,32
ReasoningPlayer,625,10,0.300000,0.300000,0.300000,0,0,0,true,1,0,65
ReasoningPlayer,-7749,10,0.300000,0.300000,0.300000,8,6,2,true,1,2,64
ReasoningPlayer,336,10,0.300000,0.300000,0.300000,0,0,0,true,1,0,70
ReasoningPlayer,-2660,10,0.300000,0.300000,0.300000,3,0,3,true,1,3,58
ReasoningPlayer,-31749,10,0.300000,0.300000,0.300000,31,23,8,true,1,8,93
ReasoningPlayer,-15145,10,0.300000,0.300000,0.300000,15,9,6,true,1,6,70
ReasoningPlayer,-73438,10,0.300000,0.300000,0.300000,72,62,10,true,1,10,93
ReasoningPlayer,-8852,10,0.300000,0.300000,0.300000,9,7,2,true,1,2,74
ReasoningPlayer,-5711,10,0.300000,0.300000,0.300000,6,3,3,true,1,3,56
ReasoningPlayer,-11326,10,0.300000,0.300000,0.300000,12,11,1,true,1,1,20
ReasoningPlayer,-7031,10,0.300000,0.300000,0.300000,7,2,5,true,1,5,76
ReasoningPlayer,-39642,10,0.300000,0.300000,0.300000,39,34,5,true,1,5,85
ReasoningPlayer,553,10,0.300000,0.300000,0.300000,0,0,0,true,1,0,65
ReasoningPlayer,388,10,0.300000,0.300000,0.300000,0,0,0,true,1,0,74
ReasoningPlayer,-3537,10,0.300000,0.300000,0.300000,4,0,4,true,1,4,59
ReasoningPlayer,-47796,10,0.300000,0.300000,0.300000,47,41,6,true,1,6,79
ReasoningPlayer,983,10,0.300000,0.300000,0.300000,0,0,0,true,1,0,2
ReasoningPlayer,-4334,10,0.300000,0.300000,0.300000,5,1,4,true,1,4,30
ReasoningPlayer,-76,10,0.300000,0.300000,0.300000,1,0,1,true,1,1,7
ReasoningPlayer,-22892,10,0.300000,0.300000,0.300000,23,18,5,true,1,5,46
ReasoningPlayer,-100410,10,0.300000,0.300000,0.300000,100,100,0,false,0,0,3
ReasoningPlayer,-32213,10,0.300000,0.300000,0.300000,32,28,4,true,1,4,53
ReasoningPlayer,-3563,10,0.300000,0.300000,0.300000,4,2,2,true,1,2,41
ReasoningPlayer,999,10,0.300000,0.300000,0.300000,0,0,0,true,1,0,1
ReasoningPlayer,-7327,10,0.300000,0.300000,0.300000,8,7,1,true,1,1,34
ReasoningPlayer,234,10,0.300000,0.300000,0.300000,0,0,0,true,1,0,86
ReasoningPlayer,997,10,0.300000,0.300000,0.300000,0,0,0,true,1,0,1
ReasoningPlayer,437,10,0.300000,0.300000,0.300000,0,0,0,true,1,0,63
ReasoningPlayer,-12303,10,0.300000,0.300000,0.300000,12,8,4,true,1,4,98
ReasoningPlayer,545,10,0.300000,0.300000,0.300000,0,0,0,true,1,0,50
ReasoningPlayer,-6505,10,0.300000,0.300000,0.300000,7,4,3,true,1,3,40
ReasoningPlayer,-23606,10,0.300000,0.300000,0.300000,23,16,7,true,1,7,63
ReasoningPlayer,-517,10,0.300000,0.300000,0.300000,1,0,1,true,1,1,51
ReasoningPlayer,-32927,10,0.300000,0.300000,0.300000,32,27,5,true,1,5,93
ReasoningPlayer,-1114,10,0.300000,0.300000,0.300000,2,0,2,true,1,2,12
ReasoningPlayer,-13701,10,0.300000,0.300000,0.300000,14,9,5,true,1,5,57
ReasoningPlayer,957,10,0.300000,0.300000,0.300000,0,0,0,true,1,0,8
ReasoningPlayer,-1134,10,0.300000,0.300000,0.300000,2,0,2,true,1,2,24
ReasoningPlayer,-16712,10,0.300000,0.300000,0.300000,17,15,2,true,1,2,70
ReasoningPlayer,-440,10,0.300000,0.300000,0.300000,1,0,1,true,1,1,54
ReasoningPlayer,-9886,10,0.300000,0.300000,0.300000,10,5,5,true,1,5,59
ReasoningPlayer,836,10,0.300000,0.300000,0.300000,0,0,0,true,1,0,25
ReasoningPlayer,-3581,10,0.300000,0.300000,0.300000,4,2,2,true,1,2,45
ReasoningPlayer,-1256,10,0.300000,0.300000,0.300000,2,0,2,true,1,2,34
ReasoningPlayer,-526,10,0.300000,0.300000,0.300000,1,0,1,true,1,1,67
ReasoningPlayer,-5836,10,0.300000,0.300000,0.300000,6,4,2,true,1,2,64
ReasoningPlayer,647,10,0.300000,0.300000,0.300000,0,0,0,true,1,0,43
ReasoningPlayer,366,10,0.300000,0.300000,0.300000,0,0,0,true,1,0,68
ReasoningPlayer,-4929,10,0.300000,0.300000,0.300000,5,1,4,true,1,4,69
ReasoningPlayer,995,10,0.300000,0.300000,0.300000,0,0,0,true,1,0,5
ReasoningPlayer,-14390,10,0.300000,0.300000,0.300000,14,9,5,true,1,5,85
ReasoningPlayer,-25,10,0.300000,0.300000,0.300000,1,0,1,true,1,1,6
ReasoningPlayer,-10831,10,0.300000,0.300000,0.300000,11,4,7,true,1,8,58
ReasoningPlayer,-476,10,0.300000,0.300000,0.300000,1,1,0,true,1,0,67
ReasoningPlayer,-971,10,0.300000,0.300000,0.300000,1,0,1,true,1,2,86
ReasoningPlayer,934,10,0.300000,0.300000,0.300000,0,0,0,true,1,0,9
ReasoningPlayer,775,10,0.300000,0.300000,0.300000,0,0,0,true,1,0,35
ReasoningPlayer,979,10,0.300000,0.300000,0.300000,0,0,0,true,1,0,3
ReasoningPlayer,-220,10,0.300000,0.300000,0.300000,1,0,1,true,1,1,23
ReasoningPlayer,-3451,10,0.300000,0.300000,0.300000,4,3,1,true,1,1,34
ReasoningPlayer,-1301,10,0.300000,0.300000,0.300000,2,1,1,true,1,2,46
ReasoningPlayer,-16140,10,0.300000,0.300000,0.300000,16,11,5,true,1,5,77
ReasoningPlayer,-23146,10,0.300000,0.300000,0.300000,23,17,6,true,1,6,74
ReasoningPlayer,-542,10,0.300000,0.300000,0.300000,1,1,0,true,1,0,71
ReasoningPlayer,-4344,10,0.300000,0.300000,0.300000,5,2,3,true,1,3,42
ReasoningPlayer,947,10,0.300000,0.300000,0.300000,0,0,0,true,1,0,12
ReasoningPlayer,559,10,0.300000,0.300000,0.300000,0,0,0,true,1,0,60
ReasoningPlayer,-7898,10,0.300000,0.300000,0.300000,8,2,6,true,1,6,78
ReasoningPlayer,766,10,0.300000,0.300000,0.300000,0,0,0,true,1,0,31
ReasoningPlayer,-82,10,0.300000,0.300000,0.300000,1,1,0,true,1,0,15
ReasoningPlayer,526,10,0.300000,0.300000,0.300000,0,0,0,true,1,0,63
ReasoningPlayer,-19402,10,0.300000,0.300000,0.300000,19,15,4,true,1,4,78
ReasoningPlayer,-15970,10,0.300000,0.300000,0.300000,16,9,7,true,1,8,71
ReasoningPlayer,635,10,0.300000,0.300000,0.300000,0,0,0,true,1,0,39
ReasoningPlayer,611,10,0.300000,0.300000,0.300000,0,0,0,true,1,0,43
ReasoningPlayer,974,10,0.300000,0.300000,0.300000,0,0,0,true,1,0,7
ReasoningPlayer,-5064,10,0.300000,0.300000,0.300000,5,3,2,true,1,2,87
ReasoningPlayer,590,10,0.300000,0.300000,0.300000,0,0,0,true,1,0,54
ReasoningPlayer,-9542,10,0.300000,0.300000,0.300000,10,10,0,true,1,0,47
ReasoningPlayer,-8087,10,0.300000,0.300000,0.300000,8,5,3,true,1,3,78
ReasoningPlayer,1000,10,0.300000,0.300000,0.300000,0,0,0,true,1,0,0
ReasoningPlayer,-4713,10,0.300000,0.300000,0.300000,5,4,1,true,1,1,73
ReasoningPlayer,914,10,0.300000,0.300000,0.300000,0,0,0,true,1,0,14
ReasoningPlayer,-12771,10,0.300000,0.300000,0.300000,13,9,4,true,1,4,68
ReasoningPlayer,-1503,10,0.300000,0.300000,0.300000,2,1,1,true,1,1,49
ReasoningPlayer,-2134,10,0.300000,0.300000,0.300000,3,1,2,true,1,2,14
ReasoningPlayer,-72527,10,0.300000,0.300000,0.300000,71,63,8,true,1,8,97
ReasoningPlayer,962,10,0.300000,0.300000,0.300000,0,0,0,true,1,0,6
ReasoningPlayer,-1134,10,0.300000,0.300000,0.300000,2,1,1,true,1,1,14
ReasoningPlayer,-1705,10,0.300000,0.300000,0.300000,2,2,0,true,1,0,75
ReasoningPlayer,724,10,0.300000,0.300000,0.300000,0,0,0,true,1,0,36
ReasoningPlayer,-63536,10,0.300000,0.300000,0.300000,62,55,7,true,1,8,86
ReasoningPlayer,-12634,10,0.300000,0.300000,0.300000,13,12,1,true,1,1,38
ReasoningPlayer,-9755,10,0.300000,0.300000,0.300000,10,5,5,true,1,5,63
ReasoningPlayer,-12192,10,0.300000,0.300000,0.300000,12,9,3,true,1,3,75
ReasoningPlayer,-2112,10,0.300000,0.300000,0.300000,3,1,2,true,1,2,15
ReasoningPlayer,-38216,10,0.300000,0.300000,0.300000,38,34,4,true,1,4,76
ReasoningPlayer,-24850,10,0.300000,0.300000,0.300000,25,23,2,true,1,2,50
ReasoningPlayer,-5595,10,0.300000,0.300000,0.300000,6,4,2,true,1,2,49
ReasoningPlayer,-22295,10,0.300000,0.300000,0.300000,22,15,7,true,1,7,89
ReasoningPlayer,-2229,10,0.300000,0.300000,0.300000,3,1,2,true,1,2,21
ReasoningPlayer,806,10,0.300000,0.300000,0.300000,0,0,0,true,1,0,26
ReasoningPlayer,309,10,0.300000,0.300000,0.300000,0,0,0,true,1,0,64
ReasoningPlayer,615,10,0.300000,0.300000,0.300000,0,0,0,true,1,0,55
ReasoningPlayer,496,10,0.300000,0.300000,0.300000,0,0,0,true,1,0,59
ReasoningPlayer,957,10,0.300000,0.300000,0.300000,0,0,0,true,1,0,13
ReasoningPlayer,-495,10,0.300000,0.300000,0.300000,1,0,1,true,1,1,56
ReasoningPlayer,702,10,0.300000,0.300000,0.300000,0,0,0,true,1,0,37
ReasoningPlayer,-15092,10,0.300000,0.300000,0.300000,15,13,2,true,1,2,68
ReasoningPlayer,983,10,0.300000,0.300000,0.300000,0,0,0,true,1,0,2
ReasoningPlayer,970,10,0.300000,0.300000,0.300000,0,0,0,true,1,0,11
ReasoningPlayer,-3596,10,0.300000,0.300000,0.300000,4,3,1,true,1,1,55
ReasoningPlayer,-3571,10,0.300000,0.300000,0.300000,4,3,1,true,1,1,61
ReasoningPlayer,882,10,0.300000,0.300000,0.300000,0,0,0,true,1,0,11
ReasoningPlayer,-23008,10,0.300000,0.300000,0.300000,22,14,8,true,1,8,100
ReasoningPlayer,-12200,10,0.300000,0.300000,0.300000,12,7,5,true,1,5,76
ReasoningPlayer,-2046,10,0.300000,0.300000,0.300000,3,1,2,true,1,2,5
ReasoningPlayer,-2932,10,0.300000,0.300000,0.300000,3,2,1,true,1,1,92
ReasoningPlayer,-10163,10,0.300000,0.300000,0.300000,10,9,1,true,1,1,68
ReasoningPlayer,937,10,0.300000,0.300000,0.300000,0,0,0,true,1,0,7
ReasoningPlayer,-27900,10,0.300000,0.300000,0.300000,27,20,7,true,1,7,95
ReasoningPlayer,670,10,0.300000,0.300000,0.300000,0,0,0,true,1,0,37
ReasoningPlayer,-31259,10,0.300000,0.300000,0.300000,31,27,4,true,1,4,73
ReasoningPlayer,-83703,10,0.300000,0.300000,0.300000,82,76,6,true,1,6,95
ReasoningPlayer,-13673,10,0.300000,0.300000,0.300000,14,11,3,true,1,3,46
ReasoningPlayer,-11079,10,0.300000,0.300000,0.300000,11,6,5,true,1,5,70
ReasoningPlayer,-39,10,0.300000,0.300000,0.300000,1,0,1,true,1,1,3
ReasoningPlayer,-1769,10,0.300000,0.300000,0.300000,2,1,1,true,1,2,76
ReasoningPlayer,686,10,0.300000,0.300000,0.300000,0,0,0,true,1,0,42
ReasoningPlayer,-226,10,0.300000,0.300000,0.300000,1,1,0,true,1,0,38
ReasoningPlayer,781,10,0.300000,0.300000,0.300000,0,0,0,true,1,0,29
ReasoningPlayer,-37560,10,0.300000,0.300000,0.300000,37,33,4,true,1,4,84
ReasoningPlayer,734,10,0.300000,0.300000,0.300000,0,0,0,true,1,0,40
ReasoningPlayer,967,10,0.300000,0.300000,0.300000,0,0,0,true,1,0,3
ReasoningPlayer,776,10,0.300000,0.300000,0.300000,0,0,0,true,1,0,32
ReasoningPlayer,-1318,10,0.300000,0.300000,0.300000,2,0,2,true,1,2,28
ReasoningPlayer,-5612,10,0.300000,0.300000,0.300000,6,4,2,true,1,2,54
ReasoningPlayer,-7860,10,0.300000,0.300000,0.300000,8,3,5,true,1,5,76
ReasoningPlayer,-9867,10,0.300000,0.300000,0.300000,10,9,1,true,1,1,69
ReasoningPlayer,-48045,10,0.300000,0.300000,0.300000,48,43,5,true,1,5,77
ReasoningPlayer,-22722,10,0.300000,0.300000,0.300000,22,15,7,true,1,7,97
ReasoningPlayer,707,10,0.300000,0.300000,0.300000,0,0,0,true,1,0,35
ReasoningPlayer,939,10,0.300000,0.300000,0.300000,0,0,0,true,1,0,9
ReasoningPlayer,-5378,10,0.300000,0.300000,0.300000,6,4,2,true,1,2,44
ReasoningPlayer,-5988,10,0.300000,0.300000,0.300000,6,2,4,true,1,4,77
ReasoningPlayer,497,10,0.300000,0.300000,0.300000,0,0,0,true,1,0,66
ReasoningPlayer,-303,10,0.300000,0.300000,0.300000,1,1,0,true,1,0,37
ReasoningPlayer,-45985,10,0.300000,0.300000,0.300000,45,34,11,true,1,11,94
ReasoningPlayer,903,10,0.300000,0.300000,0.300000,0,0,0,true,1,0,23
ReasoningPlayer,-11424,10,0.300000,0.300000,0.300000,11,5,6,true,1,6,88
ReasoningPlayer,492,10,0.300000,0.300000,0.300000,0,0,0,true,1,0,75
ReasoningPlayer,-156,10,0.300000,0.300000,0.300000,1,0,1,true,1,1,13
ReasoningPlayer,-42857,10,0.300000,0.300000,0.300000,42,36,6,true,1,6,89
ReasoningPlayer,638,10,0.300000,0.300000,0.300000,0,0,0,true,1,0,39
ReasoningPlayer,-6811,10,0.300000,0.300000,0.300000,7,2,5,true,1,5,71
ReasoningPlayer,916,10,0.300000,0.300000,0.300000,0,0,0,true,1,0,9
ReasoningPlayer,-2314,10,0.300000,0.300000,0.300000,3,3,0,true,1,0,29
ReasoningPlayer,-17527,10,0.300000,0.300000,0.300000,18,16,2,true,1,2,36
ReasoningPlayer,-8872,10,0.300000,0.300000,0.300000,9,7,2,true,1,2,76
ReasoningPlayer,-22546,10,0.300000,0.300000,0.300000,23,20,3,true,1,3,38
ReasoningPlayer,-9817,10,0.300000,0.300000,0.300000,10,9,1,true,1,1,74
ReasoningPlayer,-8888,10,0.300000,0.300000,0.300000,9,6,3,true,1,3,70
ReasoningPlayer,377,10,0.300000,0.300000,0.300000,0,0,0,true,1,0,73
ReasoningPlayer,-51574,10,0.300000,0.300000,0.300000,52,52,0,true,1,0,33
ReasoningPlayer,-422,10,0.300000,0.300000,0.300000,1,0,1,true,1,1,54
ReasoningPlayer,-3819,10,0.300000,0.300000,0.300000,4,2,2,true,1,2,64
ReasoningPlayer,696,10,0.300000,0.300000,0.300000,0,0,0,true,1,0,41
ReasoningPlayer,889,10,0.300000,0.300000,0.300000,0,0,0,true,1,0,20
ReasoningPlayer,-4557,10,0.300000,0.300000,0.300000,5,4,1,true,1,1,43
ReasoningPlayer,-26898,10,0.300000,0.300000,0.300000,26,22,4,true,1,4,98
ReasoningPlayer,-11455,10,0.300000,0.300000,0.300000,11,4,7,true,1,7,97
ReasoningPlayer,923,10,0.300000,0.300000,0.300000,0,0,0,true,1,0,13
ReasoningPlayer,-6842,10,0.300000,0.300000,0.300000,7,6,1,true,1,1,82
ReasoningPlayer,-24962,10,0.300000,0.300000,0.300000,25,20,5,true,1,5,66
ReasoningPlayer,-122,10,0.300000,0.300000,0.300000,1,1,0,true,1,0,11
ReasoningPlayer,-8547,10,0.300000,0.300000,0.300000,9,8,1,true,1,1,43
ReasoningPlayer,-10162,10,0.300000,0.300000,0.300000,10,5,5,true,1,5,86
ReasoningPlayer,978,10,0.300000,0.300000,0.300000,0,0,0,true,1,0,19
ReasoningPlayer,-3829,10,0.300000,0.300000,0.300000,4,0,4,true,1,4,76
ReasoningPlayer,-21524,10,0.300000,0.300000,0.300000,21,13,8,true,1,8,85
ReasoningPlayer,640,10,0.300000,0.300000,0.300000,0,0,0,true,1,0,71
ReasoningPlayer,-3506,10,0.300000,0.300000,0.300000,4,1,3,true,1,3,52
ReasoningPlayer,-22185,10,0.300000,0.300000,0.300000,22,19,3,true,1,3,67
ReasoningPlayer,-2271,10,0.300000,0.300000,0.300000,3,2,1,true,1,1,21
ReasoningPlayer,522,10,0.300000,0.300000,0.300000,0,0,0,true,1,0,53
ReasoningPlayer,-7831,10,0.300000,0.300000,0.300000,8,5,3,true,1,3,68
ReasoningPlayer,-4547,10,0.300000,0.300000,0.300000,5,2,3,true,1,3,45
ReasoningPlayer,-355,10,0.300000,0.300000,0.300000,1,0,1,true,1,1,47
ReasoningPlayer,-35530,10,0.300000,0.300000,0.300000,35,33,2,true,1,2,67
